statsDataId,表章事項,男女,全国、都道府県、市区町村,時間軸（年次）,単位,値
0004050397,2025_01,0,00000,2025000000,人,123049524
0004050397,2025_01,0,01000,2025000000,人,4985419
0004050397,2025_01,0,01100,2025000000,人,1964034
0004050397,2025_01,0,01101,2025000000,人,255882
0004050397,2025_01,0,01102,2025000000,人,285798
0004050397,2025_01,0,01103,2025000000,人,261249
0004050397,2025_01,0,01104,2025000000,人,210753
0004050397,2025_01,0,01105,2025000000,人,230960
0004050397,2025_01,0,01106,2025000000,人,132525
0004050397,2025_01,0,01107,2025000000,人,217774
0004050397,2025_01,0,01108,2025000000,人,122003
0004050397,2025_01,0,01109,2025000000,人,139146
0004050397,2025_01,0,01110,2025000000,人,107944
0004050397,2025_01,0,01202,2025000000,人,230498
0004050397,2025_01,0,01203,2025000000,人,100404
0004050397,2025_01,0,01204,2025000000,人,305701
0004050397,2025_01,0,01205,2025000000,人,74019
0004050397,2025_01,0,01206,2025000000,人,151326
0004050397,2025_01,0,01207,2025000000,人,160764
0004050397,2025_01,0,01208,2025000000,人,108287
0004050397,2025_01,0,01209,2025000000,人,5618
0004050397,2025_01,0,01210,2025000000,人,73004
0004050397,2025_01,0,01211,2025000000,人,32770
0004050397,2025_01,0,01212,2025000000,人,17360
0004050397,2025_01,0,01213,2025000000,人,164420
0004050397,2025_01,0,01214,2025000000,人,30068
0004050397,2025_01,0,01215,2025000000,人,17668
0004050397,2025_01,0,01216,2025000000,人,10605
0004050397,2025_01,0,01217,2025000000,人,119568
0004050397,2025_01,0,01218,2025000000,人,8268
0004050397,2025_01,0,01219,2025000000,人,19463
0004050397,2025_01,0,01220,2025000000,人,15785
0004050397,2025_01,0,01221,2025000000,人,24398
0004050397,2025_01,0,01222,2025000000,人,6907
0004050397,2025_01,0,01223,2025000000,人,21201
0004050397,2025_01,0,01224,2025000000,人,98177
0004050397,2025_01,0,01225,2025000000,人,35845
0004050397,2025_01,0,01226,2025000000,人,14998
0004050397,2025_01,0,01227,2025000000,人,2451
0004050397,2025_01,0,01228,2025000000,人,17720
0004050397,2025_01,0,01229,2025000000,人,19321
0004050397,2025_01,0,01230,2025000000,人,41991
0004050397,2025_01,0,01231,2025000000,人,70918
0004050397,2025_01,0,01233,2025000000,人,30108
0004050397,2025_01,0,01234,2025000000,人,55838
0004050397,2025_01,0,01235,2025000000,人,55771
0004050397,2025_01,0,01236,2025000000,人,40601
0004050397,2025_01,0,01303,2025000000,人,14949
0004050397,2025_01,0,01304,2025000000,人,2734
0004050397,2025_01,0,01331,2025000000,人,5263
0004050397,2025_01,0,01332,2025000000,人,3184
0004050397,2025_01,0,01333,2025000000,人,3654
0004050397,2025_01,0,01334,2025000000,人,3258
0004050397,2025_01,0,01337,2025000000,人,26966
0004050397,2025_01,0,01343,2025000000,人,3347
0004050397,2025_01,0,01345,2025000000,人,12852
0004050397,2025_01,0,01346,2025000000,人,14813
0004050397,2025_01,0,01347,2025000000,人,5310
0004050397,2025_01,0,01361,2025000000,人,6259
0004050397,2025_01,0,01362,2025000000,人,3658
0004050397,2025_01,0,01363,2025000000,人,3099
0004050397,2025_01,0,01364,2025000000,人,2937
0004050397,2025_01,0,01367,2025000000,人,2049
0004050397,2025_01,0,01370,2025000000,人,4393
0004050397,2025_01,0,01371,2025000000,人,6371
0004050397,2025_01,0,01391,2025000000,人,1170
0004050397,2025_01,0,01392,2025000000,人,2496
0004050397,2025_01,0,01393,2025000000,人,2643
0004050397,2025_01,0,01394,2025000000,人,4346
0004050397,2025_01,0,01395,2025000000,人,5370
0004050397,2025_01,0,01396,2025000000,人,1965
0004050397,2025_01,0,01397,2025000000,人,1877
0004050397,2025_01,0,01398,2025000000,人,2008
0004050397,2025_01,0,01399,2025000000,人,2809
0004050397,2025_01,0,01400,2025000000,人,14763
0004050397,2025_01,0,01401,2025000000,人,5989
0004050397,2025_01,0,01402,2025000000,人,10365
0004050397,2025_01,0,01403,2025000000,人,1490
0004050397,2025_01,0,01404,2025000000,人,803
0004050397,2025_01,0,01405,2025000000,人,1498
0004050397,2025_01,0,01406,2025000000,人,2399
0004050397,2025_01,0,01407,2025000000,人,3188
0004050397,2025_01,0,01408,2025000000,人,16486
0004050397,2025_01,0,01409,2025000000,人,1067
0004050397,2025_01,0,01423,2025000000,人,7890
0004050397,2025_01,0,01424,2025000000,人,4543
0004050397,2025_01,0,01425,2025000000,人,2327
0004050397,2025_01,0,01427,2025000000,人,4349
0004050397,2025_01,0,01428,2025000000,人,9479
0004050397,2025_01,0,01429,2025000000,人,10405
0004050397,2025_01,0,01430,2025000000,人,2993
0004050397,2025_01,0,01431,2025000000,人,1533
0004050397,2025_01,0,01432,2025000000,人,6114
0004050397,2025_01,0,01433,2025000000,人,2291
0004050397,2025_01,0,01434,2025000000,人,2116
0004050397,2025_01,0,01436,2025000000,人,2147
0004050397,2025_01,0,01437,2025000000,人,1531
0004050397,2025_01,0,01438,2025000000,人,2654
0004050397,2025_01,0,01452,2025000000,人,6173
0004050397,2025_01,0,01453,2025000000,人,9588
0004050397,2025_01,0,01454,2025000000,人,5826
0004050397,2025_01,0,01455,2025000000,人,3261
0004050397,2025_01,0,01456,2025000000,人,2288
0004050397,2025_01,0,01457,2025000000,人,3170
0004050397,2025_01,0,01458,2025000000,人,8726
0004050397,2025_01,0,01459,2025000000,人,9337
0004050397,2025_01,0,01460,2025000000,人,9150
0004050397,2025_01,0,01461,2025000000,人,4285
0004050397,2025_01,0,01462,2025000000,人,2195
0004050397,2025_01,0,01463,2025000000,人,1487
0004050397,2025_01,0,01464,2025000000,人,2669
0004050397,2025_01,0,01465,2025000000,人,2640
0004050397,2025_01,0,01468,2025000000,人,2744
0004050397,2025_01,0,01469,2025000000,人,3635
0004050397,2025_01,0,01470,2025000000,人,599
0004050397,2025_01,0,01471,2025000000,人,1230
0004050397,2025_01,0,01472,2025000000,人,1201
0004050397,2025_01,0,01481,2025000000,人,3343
0004050397,2025_01,0,01482,2025000000,人,2562
0004050397,2025_01,0,01483,2025000000,人,2560
0004050397,2025_01,0,01484,2025000000,人,5642
0004050397,2025_01,0,01485,2025000000,人,946
0004050397,2025_01,0,01486,2025000000,人,2163
0004050397,2025_01,0,01487,2025000000,人,2535
0004050397,2025_01,0,01511,2025000000,人,2506
0004050397,2025_01,0,01512,2025000000,人,3039
0004050397,2025_01,0,01513,2025000000,人,1415
0004050397,2025_01,0,01514,2025000000,人,7025
0004050397,2025_01,0,01516,2025000000,人,3431
0004050397,2025_01,0,01517,2025000000,人,2179
0004050397,2025_01,0,01518,2025000000,人,1768
0004050397,2025_01,0,01519,2025000000,人,2140
0004050397,2025_01,0,01520,2025000000,人,2012
0004050397,2025_01,0,01543,2025000000,人,16707
0004050397,2025_01,0,01544,2025000000,人,3774
0004050397,2025_01,0,01545,2025000000,人,10717
0004050397,2025_01,0,01546,2025000000,人,3571
0004050397,2025_01,0,01547,2025000000,人,4195
0004050397,2025_01,0,01549,2025000000,人,4245
0004050397,2025_01,0,01550,2025000000,人,2469
0004050397,2025_01,0,01552,2025000000,人,4339
0004050397,2025_01,0,01555,2025000000,人,17047
0004050397,2025_01,0,01559,2025000000,人,7538
0004050397,2025_01,0,01560,2025000000,人,2097
0004050397,2025_01,0,01561,2025000000,人,3356
0004050397,2025_01,0,01562,2025000000,人,914
0004050397,2025_01,0,01563,2025000000,人,3861
0004050397,2025_01,0,01564,2025000000,人,6183
0004050397,2025_01,0,01571,2025000000,人,3409
0004050397,2025_01,0,01575,2025000000,人,2349
0004050397,2025_01,0,01578,2025000000,人,14582
0004050397,2025_01,0,01581,2025000000,人,4159
0004050397,2025_01,0,01584,2025000000,人,7826
0004050397,2025_01,0,01585,2025000000,人,6955
0004050397,2025_01,0,01586,2025000000,人,7154
0004050397,2025_01,0,01601,2025000000,人,10298
0004050397,2025_01,0,01602,2025000000,人,4332
0004050397,2025_01,0,01604,2025000000,人,4759
0004050397,2025_01,0,01607,2025000000,人,11120
0004050397,2025_01,0,01608,2025000000,人,3665
0004050397,2025_01,0,01609,2025000000,人,3738
0004050397,2025_01,0,01610,2025000000,人,19573
0004050397,2025_01,0,01631,2025000000,人,41997
0004050397,2025_01,0,01632,2025000000,人,5385
0004050397,2025_01,0,01633,2025000000,人,4472
0004050397,2025_01,0,01634,2025000000,人,4861
0004050397,2025_01,0,01635,2025000000,人,5224
0004050397,2025_01,0,01636,2025000000,人,8368
0004050397,2025_01,0,01637,2025000000,人,17242
0004050397,2025_01,0,01638,2025000000,人,3804
0004050397,2025_01,0,01639,2025000000,人,3001
0004050397,2025_01,0,01641,2025000000,人,5127
0004050397,2025_01,0,01642,2025000000,人,5506
0004050397,2025_01,0,01643,2025000000,人,24195
0004050397,2025_01,0,01644,2025000000,人,5592
0004050397,2025_01,0,01645,2025000000,人,2704
0004050397,2025_01,0,01646,2025000000,人,5695
0004050397,2025_01,0,01647,2025000000,人,5613
0004050397,2025_01,0,01648,2025000000,人,1988
0004050397,2025_01,0,01649,2025000000,人,3855
0004050397,2025_01,0,01661,2025000000,人,17782
0004050397,2025_01,0,01662,2025000000,人,7861
0004050397,2025_01,0,01663,2025000000,人,5144
0004050397,2025_01,0,01664,2025000000,人,6517
0004050397,2025_01,0,01665,2025000000,人,6247
0004050397,2025_01,0,01667,2025000000,人,2400
0004050397,2025_01,0,01668,2025000000,人,6615
0004050397,2025_01,0,01691,2025000000,人,13323
0004050397,2025_01,0,01692,2025000000,人,21785
0004050397,2025_01,0,01693,2025000000,人,4612
0004050397,2025_01,0,01694,2025000000,人,4027
0004050397,2025_01,0,02000,2025000000,人,1140395
0004050397,2025_01,0,02201,2025000000,人,256180
0004050397,2025_01,0,02202,2025000000,人,155952
0004050397,2025_01,0,02203,2025000000,人,205136
0004050397,2025_01,0,02204,2025000000,人,28896
0004050397,2025_01,0,02205,2025000000,人,47493
0004050397,2025_01,0,02206,2025000000,人,56775
0004050397,2025_01,0,02207,2025000000,人,37121
0004050397,2025_01,0,02208,2025000000,人,49699
0004050397,2025_01,0,02209,2025000000,人,27069
0004050397,2025_01,0,02210,2025000000,人,28776
0004050397,2025_01,0,02301,2025000000,人,9129
0004050397,2025_01,0,02303,2025000000,人,1890
0004050397,2025_01,0,02304,2025000000,人,2253
0004050397,2025_01,0,02307,2025000000,人,4512
0004050397,2025_01,0,02321,2025000000,人,7743
0004050397,2025_01,0,02323,2025000000,人,6263
0004050397,2025_01,0,02343,2025000000,人,1121
0004050397,2025_01,0,02361,2025000000,人,14117
0004050397,2025_01,0,02362,2025000000,人,7609
0004050397,2025_01,0,02367,2025000000,人,6851
0004050397,2025_01,0,02381,2025000000,人,11531
0004050397,2025_01,0,02384,2025000000,人,10763
0004050397,2025_01,0,02387,2025000000,人,8177
0004050397,2025_01,0,02401,2025000000,人,11197
0004050397,2025_01,0,02402,2025000000,人,13114
0004050397,2025_01,0,02405,2025000000,人,9970
0004050397,2025_01,0,02406,2025000000,人,3817
0004050397,2025_01,0,02408,2025000000,人,14888
0004050397,2025_01,0,02411,2025000000,人,10603
0004050397,2025_01,0,02412,2025000000,人,23688
0004050397,2025_01,0,02423,2025000000,人,4091
0004050397,2025_01,0,02424,2025000000,人,5195
0004050397,2025_01,0,02425,2025000000,人,1380
0004050397,2025_01,0,02426,2025000000,人,1465
0004050397,2025_01,0,02441,2025000000,人,8000
0004050397,2025_01,0,02442,2025000000,人,14335
0004050397,2025_01,0,02443,2025000000,人,4347
0004050397,2025_01,0,02445,2025000000,人,15184
0004050397,2025_01,0,02446,2025000000,人,12216
0004050397,2025_01,0,02450,2025000000,人,1849
0004050397,2025_01,0,03000,2025000000,人,1125502
0004050397,2025_01,0,03201,2025000000,人,278636
0004050397,2025_01,0,03202,2025000000,人,44277
0004050397,2025_01,0,03203,2025000000,人,30606
0004050397,2025_01,0,03205,2025000000,人,87272
0004050397,2025_01,0,03206,2025000000,人,90861
0004050397,2025_01,0,03207,2025000000,人,29645
0004050397,2025_01,0,03208,2025000000,人,22653
0004050397,2025_01,0,03209,2025000000,人,101916
0004050397,2025_01,0,03210,2025000000,人,16418
0004050397,2025_01,0,03211,2025000000,人,28012
0004050397,2025_01,0,03213,2025000000,人,22999
0004050397,2025_01,0,03214,2025000000,人,22058
0004050397,2025_01,0,03215,2025000000,人,103899
0004050397,2025_01,0,03216,2025000000,人,53740
0004050397,2025_01,0,03301,2025000000,人,14274
0004050397,2025_01,0,03302,2025000000,人,4880
0004050397,2025_01,0,03303,2025000000,人,10662
0004050397,2025_01,0,03321,2025000000,人,31470
0004050397,2025_01,0,03322,2025000000,人,27004
0004050397,2025_01,0,03366,2025000000,人,4354
0004050397,2025_01,0,03381,2025000000,人,15129
0004050397,2025_01,0,03402,2025000000,人,6426
0004050397,2025_01,0,03441,2025000000,人,4337
0004050397,2025_01,0,03461,2025000000,人,9870
0004050397,2025_01,0,03482,2025000000,人,12689
0004050397,2025_01,0,03483,2025000000,人,7429
0004050397,2025_01,0,03484,2025000000,人,2680
0004050397,2025_01,0,03485,2025000000,人,2132
0004050397,2025_01,0,03501,2025000000,人,7414
0004050397,2025_01,0,03503,2025000000,人,3613
0004050397,2025_01,0,03506,2025000000,人,4717
0004050397,2025_01,0,03507,2025000000,人,13415
0004050397,2025_01,0,03524,2025000000,人,10015
0004050397,2025_01,0,04000,2025000000,人,2227240
0004050397,2025_01,0,04100,2025000000,人,1096951
0004050397,2025_01,0,04101,2025000000,人,316317
0004050397,2025_01,0,04102,2025000000,人,194225
0004050397,2025_01,0,04103,2025000000,人,142988
0004050397,2025_01,0,04104,2025000000,人,238052
0004050397,2025_01,0,04105,2025000000,人,205369
0004050397,2025_01,0,04202,2025000000,人,128827
0004050397,2025_01,0,04203,2025000000,人,49765
0004050397,2025_01,0,04205,2025000000,人,54125
0004050397,2025_01,0,04206,2025000000,人,29477
0004050397,2025_01,0,04207,2025000000,人,78737
0004050397,2025_01,0,04208,2025000000,人,25448
0004050397,2025_01,0,04209,2025000000,人,61280
0004050397,2025_01,0,04211,2025000000,人,42283
0004050397,2025_01,0,04212,2025000000,人,69264
0004050397,2025_01,0,04213,2025000000,人,58190
0004050397,2025_01,0,04214,2025000000,人,37146
0004050397,2025_01,0,04215,2025000000,人,118567
0004050397,2025_01,0,04216,2025000000,人,51729
0004050397,2025_01,0,04301,2025000000,人,10010
0004050397,2025_01,0,04302,2025000000,人,1138
0004050397,2025_01,0,04321,2025000000,人,22927
0004050397,2025_01,0,04322,2025000000,人,9527
0004050397,2025_01,0,04323,2025000000,人,36755
0004050397,2025_01,0,04324,2025000000,人,7499
0004050397,2025_01,0,04341,2025000000,人,11011
0004050397,2025_01,0,04361,2025000000,人,31972
0004050397,2025_01,0,04362,2025000000,人,11207
0004050397,2025_01,0,04401,2025000000,人,12305
0004050397,2025_01,0,04404,2025000000,人,16791
0004050397,2025_01,0,04406,2025000000,人,34830
0004050397,2025_01,0,04421,2025000000,人,28275
0004050397,2025_01,0,04422,2025000000,人,7147
0004050397,2025_01,0,04424,2025000000,人,5426
0004050397,2025_01,0,04444,2025000000,人,5985
0004050397,2025_01,0,04445,2025000000,人,19902
0004050397,2025_01,0,04501,2025000000,人,13821
0004050397,2025_01,0,04505,2025000000,人,22162
0004050397,2025_01,0,04581,2025000000,人,5916
0004050397,2025_01,0,04606,2025000000,人,10845
0004050397,2025_01,0,05000,2025000000,人,882100
0004050397,2025_01,0,05201,2025000000,人,293588
0004050397,2025_01,0,05202,2025000000,人,45494
0004050397,2025_01,0,05203,2025000000,人,77559
0004050397,2025_01,0,05204,2025000000,人,63256
0004050397,2025_01,0,05206,2025000000,人,21600
0004050397,2025_01,0,05207,2025000000,人,37448
0004050397,2025_01,0,05209,2025000000,人,25640
0004050397,2025_01,0,05210,2025000000,人,69212
0004050397,2025_01,0,05211,2025000000,人,30257
0004050397,2025_01,0,05212,2025000000,人,71092
0004050397,2025_01,0,05213,2025000000,人,26459
0004050397,2025_01,0,05214,2025000000,人,21181
0004050397,2025_01,0,05215,2025000000,人,21666
0004050397,2025_01,0,05303,2025000000,人,4213
0004050397,2025_01,0,05327,2025000000,人,1705
0004050397,2025_01,0,05346,2025000000,人,2525
0004050397,2025_01,0,05348,2025000000,人,13140
0004050397,2025_01,0,05349,2025000000,人,5635
0004050397,2025_01,0,05361,2025000000,人,7255
0004050397,2025_01,0,05363,2025000000,人,4954
0004050397,2025_01,0,05366,2025000000,人,4013
0004050397,2025_01,0,05368,2025000000,人,2825
0004050397,2025_01,0,05434,2025000000,人,16810
0004050397,2025_01,0,05463,2025000000,人,12280
0004050397,2025_01,0,05464,2025000000,人,2293
0004050397,2025_01,0,06000,2025000000,人,993127
0004050397,2025_01,0,06201,2025000000,人,235685
0004050397,2025_01,0,06202,2025000000,人,76114
0004050397,2025_01,0,06203,2025000000,人,113149
0004050397,2025_01,0,06204,2025000000,人,92122
0004050397,2025_01,0,06205,2025000000,人,31653
0004050397,2025_01,0,06206,2025000000,人,38176
0004050397,2025_01,0,06207,2025000000,人,26753
0004050397,2025_01,0,06208,2025000000,人,20212
0004050397,2025_01,0,06209,2025000000,人,24580
0004050397,2025_01,0,06210,2025000000,人,59773
0004050397,2025_01,0,06211,2025000000,人,47405
0004050397,2025_01,0,06212,2025000000,人,12796
0004050397,2025_01,0,06213,2025000000,人,28066
0004050397,2025_01,0,06301,2025000000,人,12888
0004050397,2025_01,0,06302,2025000000,人,10017
0004050397,2025_01,0,06321,2025000000,人,16192
0004050397,2025_01,0,06322,2025000000,人,4251
0004050397,2025_01,0,06323,2025000000,人,5453
0004050397,2025_01,0,06324,2025000000,人,6695
0004050397,2025_01,0,06341,2025000000,人,5563
0004050397,2025_01,0,06361,2025000000,人,4408
0004050397,2025_01,0,06362,2025000000,人,6984
0004050397,2025_01,0,06363,2025000000,人,4480
0004050397,2025_01,0,06364,2025000000,人,6135
0004050397,2025_01,0,06365,2025000000,人,2572
0004050397,2025_01,0,06366,2025000000,人,3417
0004050397,2025_01,0,06367,2025000000,人,3554
0004050397,2025_01,0,06381,2025000000,人,20417
0004050397,2025_01,0,06382,2025000000,人,12953
0004050397,2025_01,0,06401,2025000000,人,6138
0004050397,2025_01,0,06402,2025000000,人,11630
0004050397,2025_01,0,06403,2025000000,人,5871
0004050397,2025_01,0,06426,2025000000,人,7147
0004050397,2025_01,0,06428,2025000000,人,18356
0004050397,2025_01,0,06461,2025000000,人,11522
0004050397,2025_01,0,07000,2025000000,人,1711937
0004050397,2025_01,0,07201,2025000000,人,265803
0004050397,2025_01,0,07202,2025000000,人,109015
0004050397,2025_01,0,07203,2025000000,人,313125
0004050397,2025_01,0,07204,2025000000,人,306495
0004050397,2025_01,0,07205,2025000000,人,55388
0004050397,2025_01,0,07207,2025000000,人,71122
0004050397,2025_01,0,07208,2025000000,人,41739
0004050397,2025_01,0,07209,2025000000,人,31883
0004050397,2025_01,0,07210,2025000000,人,49291
0004050397,2025_01,0,07211,2025000000,人,31836
0004050397,2025_01,0,07212,2025000000,人,54128
0004050397,2025_01,0,07213,2025000000,人,54134
0004050397,2025_01,0,07214,2025000000,人,29641
0004050397,2025_01,0,07301,2025000000,人,10705
0004050397,2025_01,0,07303,2025000000,人,7706
0004050397,2025_01,0,07308,2025000000,人,10847
0004050397,2025_01,0,07322,2025000000,人,8942
0004050397,2025_01,0,07342,2025000000,人,12017
0004050397,2025_01,0,07344,2025000000,人,4823
0004050397,2025_01,0,07362,2025000000,人,4464
0004050397,2025_01,0,07364,2025000000,人,475
0004050397,2025_01,0,07367,2025000000,人,3467
0004050397,2025_01,0,07368,2025000000,人,12603
0004050397,2025_01,0,07402,2025000000,人,2184
0004050397,2025_01,0,07405,2025000000,人,5063
0004050397,2025_01,0,07407,2025000000,人,3033
0004050397,2025_01,0,07408,2025000000,人,11964
0004050397,2025_01,0,07421,2025000000,人,13578
0004050397,2025_01,0,07422,2025000000,人,2834
0004050397,2025_01,0,07423,2025000000,人,2611
0004050397,2025_01,0,07444,2025000000,人,1217
0004050397,2025_01,0,07445,2025000000,人,1634
0004050397,2025_01,0,07446,2025000000,人,1067
0004050397,2025_01,0,07447,2025000000,人,17292
0004050397,2025_01,0,07461,2025000000,人,20859
0004050397,2025_01,0,07464,2025000000,人,5825
0004050397,2025_01,0,07465,2025000000,人,4504
0004050397,2025_01,0,07466,2025000000,人,16468
0004050397,2025_01,0,07481,2025000000,人,11981
0004050397,2025_01,0,07482,2025000000,人,4741
0004050397,2025_01,0,07483,2025000000,人,7416
0004050397,2025_01,0,07484,2025000000,人,2628
0004050397,2025_01,0,07501,2025000000,人,13253
0004050397,2025_01,0,07502,2025000000,人,5702
0004050397,2025_01,0,07503,2025000000,人,5201
0004050397,2025_01,0,07504,2025000000,人,5423
0004050397,2025_01,0,07505,2025000000,人,4144
0004050397,2025_01,0,07521,2025000000,人,15818
0004050397,2025_01,0,07522,2025000000,人,8334
0004050397,2025_01,0,07541,2025000000,人,4783
0004050397,2025_01,0,07542,2025000000,人,4543
0004050397,2025_01,0,07543,2025000000,人,2890
0004050397,2025_01,0,07544,2025000000,人,1705
0004050397,2025_01,0,07545,2025000000,人,1534
0004050397,2025_01,0,07546,2025000000,人,211
0004050397,2025_01,0,07547,2025000000,人,2573
0004050397,2025_01,0,07548,2025000000,人,419
0004050397,2025_01,0,07561,2025000000,人,7483
0004050397,2025_01,0,07564,2025000000,人,1373
0004050397,2025_01,0,08000,2025000000,人,2791207
0004050397,2025_01,0,08201,2025000000,人,265773
0004050397,2025_01,0,08202,2025000000,人,158763
0004050397,2025_01,0,08203,2025000000,人,141588
0004050397,2025_01,0,08204,2025000000,人,136308
0004050397,2025_01,0,08205,2025000000,人,67416
0004050397,2025_01,0,08207,2025000000,人,48173
0004050397,2025_01,0,08208,2025000000,人,73931
0004050397,2025_01,0,08210,2025000000,人,40785
0004050397,2025_01,0,08211,2025000000,人,57983
0004050397,2025_01,0,08212,2025000000,人,43813
0004050397,2025_01,0,08214,2025000000,人,25028
0004050397,2025_01,0,08215,2025000000,人,38436
0004050397,2025_01,0,08216,2025000000,人,71510
0004050397,2025_01,0,08217,2025000000,人,103461
0004050397,2025_01,0,08219,2025000000,人,82524
0004050397,2025_01,0,08220,2025000000,人,268991
0004050397,2025_01,0,08221,2025000000,人,151721
0004050397,2025_01,0,08222,2025000000,人,63997
0004050397,2025_01,0,08223,2025000000,人,25141
0004050397,2025_01,0,08224,2025000000,人,70192
0004050397,2025_01,0,08225,2025000000,人,35735
0004050397,2025_01,0,08226,2025000000,人,51531
0004050397,2025_01,0,08227,2025000000,人,94838
0004050397,2025_01,0,08228,2025000000,人,51344
0004050397,2025_01,0,08229,2025000000,人,35390
0004050397,2025_01,0,08230,2025000000,人,38413
0004050397,2025_01,0,08231,2025000000,人,35207
0004050397,2025_01,0,08232,2025000000,人,93286
0004050397,2025_01,0,08233,2025000000,人,29217
0004050397,2025_01,0,08234,2025000000,人,43386
0004050397,2025_01,0,08235,2025000000,人,52070
0004050397,2025_01,0,08236,2025000000,人,46754
0004050397,2025_01,0,08302,2025000000,人,29438
0004050397,2025_01,0,08309,2025000000,人,14456
0004050397,2025_01,0,08310,2025000000,人,16363
0004050397,2025_01,0,08341,2025000000,人,37806
0004050397,2025_01,0,08364,2025000000,人,13706
0004050397,2025_01,0,08442,2025000000,人,13542
0004050397,2025_01,0,08443,2025000000,人,49689
0004050397,2025_01,0,08447,2025000000,人,7156
0004050397,2025_01,0,08521,2025000000,人,20050
0004050397,2025_01,0,08542,2025000000,人,7502
0004050397,2025_01,0,08546,2025000000,人,23926
0004050397,2025_01,0,08564,2025000000,人,14868
0004050397,2025_01,0,09000,2025000000,人,1864833
0004050397,2025_01,0,09201,2025000000,人,511733
0004050397,2025_01,0,09202,2025000000,人,135879
0004050397,2025_01,0,09203,2025000000,人,148312
0004050397,2025_01,0,09204,2025000000,人,109814
0004050397,2025_01,0,09205,2025000000,人,89360
0004050397,2025_01,0,09206,2025000000,人,71674
0004050397,2025_01,0,09208,2025000000,人,165528
0004050397,2025_01,0,09209,2025000000,人,75822
0004050397,2025_01,0,09210,2025000000,人,68438
0004050397,2025_01,0,09211,2025000000,人,28877
0004050397,2025_01,0,09213,2025000000,人,112562
0004050397,2025_01,0,09214,2025000000,人,44192
0004050397,2025_01,0,09215,2025000000,人,22164
0004050397,2025_01,0,09216,2025000000,人,58995
0004050397,2025_01,0,09301,2025000000,人,29749
0004050397,2025_01,0,09342,2025000000,人,20124
0004050397,2025_01,0,09343,2025000000,人,10531
0004050397,2025_01,0,09344,2025000000,人,10517
0004050397,2025_01,0,09345,2025000000,人,14809
0004050397,2025_01,0,09361,2025000000,人,38047
0004050397,2025_01,0,09364,2025000000,人,24534
0004050397,2025_01,0,09384,2025000000,人,9111
0004050397,2025_01,0,09386,2025000000,人,28480
0004050397,2025_01,0,09407,2025000000,人,22211
0004050397,2025_01,0,09411,2025000000,人,13370
0004050397,2025_01,0,10000,2025000000,人,1867582
0004050397,2025_01,0,10201,2025000000,人,324554
0004050397,2025_01,0,10202,2025000000,人,363801
0004050397,2025_01,0,10203,2025000000,人,97223
0004050397,2025_01,0,10204,2025000000,人,208263
0004050397,2025_01,0,10205,2025000000,人,219439
0004050397,2025_01,0,10206,2025000000,人,41287
0004050397,2025_01,0,10207,2025000000,人,72835
0004050397,2025_01,0,10208,2025000000,人,70325
0004050397,2025_01,0,10209,2025000000,人,59385
0004050397,2025_01,0,10210,2025000000,人,43789
0004050397,2025_01,0,10211,2025000000,人,50704
0004050397,2025_01,0,10212,2025000000,人,48198
0004050397,2025_01,0,10344,2025000000,人,14074
0004050397,2025_01,0,10345,2025000000,人,22900
0004050397,2025_01,0,10366,2025000000,人,972
0004050397,2025_01,0,10367,2025000000,人,1298
0004050397,2025_01,0,10382,2025000000,人,5460
0004050397,2025_01,0,10383,2025000000,人,1273
0004050397,2025_01,0,10384,2025000000,人,11798
0004050397,2025_01,0,10421,2025000000,人,13889
0004050397,2025_01,0,10424,2025000000,人,4844
0004050397,2025_01,0,10425,2025000000,人,8188
0004050397,2025_01,0,10426,2025000000,人,5748
0004050397,2025_01,0,10428,2025000000,人,3097
0004050397,2025_01,0,10429,2025000000,人,11256
0004050397,2025_01,0,10443,2025000000,人,3554
0004050397,2025_01,0,10444,2025000000,人,3137
0004050397,2025_01,0,10448,2025000000,人,6687
0004050397,2025_01,0,10449,2025000000,人,15747
0004050397,2025_01,0,10464,2025000000,人,34836
0004050397,2025_01,0,10521,2025000000,人,12677
0004050397,2025_01,0,10522,2025000000,人,10310
0004050397,2025_01,0,10523,2025000000,人,10336
0004050397,2025_01,0,10524,2025000000,人,41430
0004050397,2025_01,0,10525,2025000000,人,24268
0004050397,2025_01,0,11000,2025000000,人,7287169
0004050397,2025_01,0,11100,2025000000,人,1345016
0004050397,2025_01,0,11101,2025000000,人,94098
0004050397,2025_01,0,11102,2025000000,人,147468
0004050397,2025_01,0,11103,2025000000,人,125310
0004050397,2025_01,0,11104,2025000000,人,166998
0004050397,2025_01,0,11105,2025000000,人,103816
0004050397,2025_01,0,11106,2025000000,人,98914
0004050397,2025_01,0,11107,2025000000,人,169458
0004050397,2025_01,0,11108,2025000000,人,196111
0004050397,2025_01,0,11109,2025000000,人,132329
0004050397,2025_01,0,11110,2025000000,人,110514
0004050397,2025_01,0,11201,2025000000,人,354793
0004050397,2025_01,0,11202,2025000000,人,188262
0004050397,2025_01,0,11203,2025000000,人,592007
0004050397,2025_01,0,11206,2025000000,人,76179
0004050397,2025_01,0,11207,2025000000,人,54646
0004050397,2025_01,0,11208,2025000000,人,342575
0004050397,2025_01,0,11209,2025000000,人,77669
0004050397,2025_01,0,11210,2025000000,人,109633
0004050397,2025_01,0,11211,2025000000,人,76392
0004050397,2025_01,0,11212,2025000000,人,91615
0004050397,2025_01,0,11214,2025000000,人,222817
0004050397,2025_01,0,11215,2025000000,人,142751
0004050397,2025_01,0,11216,2025000000,人,52238
0004050397,2025_01,0,11217,2025000000,人,115548
0004050397,2025_01,0,11218,2025000000,人,138493
0004050397,2025_01,0,11219,2025000000,人,224800
0004050397,2025_01,0,11221,2025000000,人,251122
0004050397,2025_01,0,11222,2025000000,人,341602
0004050397,2025_01,0,11223,2025000000,人,75510
0004050397,2025_01,0,11224,2025000000,人,139164
0004050397,2025_01,0,11225,2025000000,人,140180
0004050397,2025_01,0,11227,2025000000,人,147109
0004050397,2025_01,0,11228,2025000000,人,75032
0004050397,2025_01,0,11229,2025000000,人,83636
0004050397,2025_01,0,11230,2025000000,人,164698
0004050397,2025_01,0,11231,2025000000,人,73010
0004050397,2025_01,0,11232,2025000000,人,147159
0004050397,2025_01,0,11233,2025000000,人,64222
0004050397,2025_01,0,11234,2025000000,人,93386
0004050397,2025_01,0,11235,2025000000,人,112824
0004050397,2025_01,0,11237,2025000000,人,140579
0004050397,2025_01,0,11238,2025000000,人,60443
0004050397,2025_01,0,11239,2025000000,人,99389
0004050397,2025_01,0,11240,2025000000,人,47634
0004050397,2025_01,0,11241,2025000000,人,70693
0004050397,2025_01,0,11242,2025000000,人,53431
0004050397,2025_01,0,11243,2025000000,人,71328
0004050397,2025_01,0,11245,2025000000,人,112433
0004050397,2025_01,0,11246,2025000000,人,51485
0004050397,2025_01,0,11301,2025000000,人,44450
0004050397,2025_01,0,11324,2025000000,人,37481
0004050397,2025_01,0,11326,2025000000,人,33221
0004050397,2025_01,0,11327,2025000000,人,10231
0004050397,2025_01,0,11341,2025000000,人,19908
0004050397,2025_01,0,11342,2025000000,人,17346
0004050397,2025_01,0,11343,2025000000,人,26273
0004050397,2025_01,0,11346,2025000000,人,17882
0004050397,2025_01,0,11347,2025000000,人,16840
0004050397,2025_01,0,11348,2025000000,人,12649
0004050397,2025_01,0,11349,2025000000,人,9806
0004050397,2025_01,0,11361,2025000000,人,7227
0004050397,2025_01,0,11362,2025000000,人,8430
0004050397,2025_01,0,11363,2025000000,人,6101
0004050397,2025_01,0,11365,2025000000,人,9431
0004050397,2025_01,0,11369,2025000000,人,2293
0004050397,2025_01,0,11381,2025000000,人,10317
0004050397,2025_01,0,11383,2025000000,人,12488
0004050397,2025_01,0,11385,2025000000,人,29618
0004050397,2025_01,0,11408,2025000000,人,30680
0004050397,2025_01,0,11442,2025000000,人,33535
0004050397,2025_01,0,11464,2025000000,人,42582
0004050397,2025_01,0,11465,2025000000,人,26877
0004050397,2025_01,0,12000,2025000000,人,6258512
0004050397,2025_01,0,12100,2025000000,人,994970
0004050397,2025_01,0,12101,2025000000,人,226620
0004050397,2025_01,0,12102,2025000000,人,177681
0004050397,2025_01,0,12103,2025000000,人,160643
0004050397,2025_01,0,12104,2025000000,人,145445
0004050397,2025_01,0,12105,2025000000,人,128248
0004050397,2025_01,0,12106,2025000000,人,156333
0004050397,2025_01,0,12202,2025000000,人,51426
0004050397,2025_01,0,12203,2025000000,人,494207
0004050397,2025_01,0,12204,2025000000,人,650635
0004050397,2025_01,0,12205,2025000000,人,41127
0004050397,2025_01,0,12206,2025000000,人,137149
0004050397,2025_01,0,12207,2025000000,人,496714
0004050397,2025_01,0,12208,2025000000,人,151086
0004050397,2025_01,0,12210,2025000000,人,83577
0004050397,2025_01,0,12211,2025000000,人,133797
0004050397,2025_01,0,12212,2025000000,人,163859
0004050397,2025_01,0,12213,2025000000,人,56546
0004050397,2025_01,0,12215,2025000000,人,59657
0004050397,2025_01,0,12216,2025000000,人,176000
0004050397,2025_01,0,12217,2025000000,人,435373
0004050397,2025_01,0,12218,2025000000,人,15126
0004050397,2025_01,0,12219,2025000000,人,259611
0004050397,2025_01,0,12220,2025000000,人,215130
0004050397,2025_01,0,12221,2025000000,人,205052
0004050397,2025_01,0,12222,2025000000,人,131157
0004050397,2025_01,0,12223,2025000000,人,29008
0004050397,2025_01,0,12224,2025000000,人,109118
0004050397,2025_01,0,12225,2025000000,人,77409
0004050397,2025_01,0,12226,2025000000,人,38730
0004050397,2025_01,0,12227,2025000000,人,172764
0004050397,2025_01,0,12228,2025000000,人,94253
0004050397,2025_01,0,12229,2025000000,人,65125
0004050397,2025_01,0,12230,2025000000,人,64576
0004050397,2025_01,0,12231,2025000000,人,110400
0004050397,2025_01,0,12232,2025000000,人,60950
0004050397,2025_01,0,12233,2025000000,人,49729
0004050397,2025_01,0,12234,2025000000,人,31895
0004050397,2025_01,0,12235,2025000000,人,31137
0004050397,2025_01,0,12236,2025000000,人,66100
0004050397,2025_01,0,12237,2025000000,人,45034
0004050397,2025_01,0,12238,2025000000,人,32441
0004050397,2025_01,0,12239,2025000000,人,46410
0004050397,2025_01,0,12322,2025000000,人,20566
0004050397,2025_01,0,12329,2025000000,人,19010
0004050397,2025_01,0,12342,2025000000,人,5276
0004050397,2025_01,0,12347,2025000000,人,12469
0004050397,2025_01,0,12349,2025000000,人,11892
0004050397,2025_01,0,12403,2025000000,人,12934
0004050397,2025_01,0,12409,2025000000,人,6107
0004050397,2025_01,0,12410,2025000000,人,19836
0004050397,2025_01,0,12421,2025000000,人,11758
0004050397,2025_01,0,12422,2025000000,人,6300
0004050397,2025_01,0,12423,2025000000,人,12532
0004050397,2025_01,0,12424,2025000000,人,9478
0004050397,2025_01,0,12426,2025000000,人,6023
0004050397,2025_01,0,12427,2025000000,人,6704
0004050397,2025_01,0,12441,2025000000,人,7799
0004050397,2025_01,0,12443,2025000000,人,6346
0004050397,2025_01,0,12463,2025000000,人,6204
0004050397,2025_01,0,13000,2025000000,人,14246219
0004050397,2025_01,0,13100,2025000000,人,9953160
0004050397,2025_01,0,13101,2025000000,人,66199
0004050397,2025_01,0,13102,2025000000,人,181918
0004050397,2025_01,0,13103,2025000000,人,272662
0004050397,2025_01,0,13104,2025000000,人,361634
0004050397,2025_01,0,13105,2025000000,人,250030
0004050397,2025_01,0,13106,2025000000,人,228390
0004050397,2025_01,0,13107,2025000000,人,285203
0004050397,2025_01,0,13108,2025000000,人,553358
0004050397,2025_01,0,13109,2025000000,人,426403
0004050397,2025_01,0,13110,2025000000,人,286468
0004050397,2025_01,0,13111,2025000000,人,759409
0004050397,2025_01,0,13112,2025000000,人,956608
0004050397,2025_01,0,13113,2025000000,人,239119
0004050397,2025_01,0,13114,2025000000,人,355333
0004050397,2025_01,0,13115,2025000000,人,597566
0004050397,2025_01,0,13116,2025000000,人,306106
0004050397,2025_01,0,13117,2025000000,人,368290
0004050397,2025_01,0,13118,2025000000,人,226482
0004050397,2025_01,0,13119,2025000000,人,595000
0004050397,2025_01,0,13120,2025000000,人,761587
0004050397,2025_01,0,13121,2025000000,人,702718
0004050397,2025_01,0,13122,2025000000,人,467614
0004050397,2025_01,0,13123,2025000000,人,705063
0004050397,2025_01,0,13201,2025000000,人,574087
0004050397,2025_01,0,13202,2025000000,人,189141
0004050397,2025_01,0,13203,2025000000,人,150700
0004050397,2025_01,0,13204,2025000000,人,194959
0004050397,2025_01,0,13205,2025000000,人,129492
0004050397,2025_01,0,13206,2025000000,人,263172
0004050397,2025_01,0,13207,2025000000,人,116665
0004050397,2025_01,0,13208,2025000000,人,245536
0004050397,2025_01,0,13209,2025000000,人,420962
0004050397,2025_01,0,13210,2025000000,人,128991
0004050397,2025_01,0,13211,2025000000,人,198491
0004050397,2025_01,0,13212,2025000000,人,190383
0004050397,2025_01,0,13213,2025000000,人,152162
0004050397,2025_01,0,13214,2025000000,人,128224
0004050397,2025_01,0,13215,2025000000,人,76587
0004050397,2025_01,0,13218,2025000000,人,57166
0004050397,2025_01,0,13219,2025000000,人,84141
0004050397,2025_01,0,13220,2025000000,人,83051
0004050397,2025_01,0,13221,2025000000,人,74730
0004050397,2025_01,0,13222,2025000000,人,115428
0004050397,2025_01,0,13223,2025000000,人,69076
0004050397,2025_01,0,13224,2025000000,人,141236
0004050397,2025_01,0,13225,2025000000,人,95171
0004050397,2025_01,0,13227,2025000000,人,53476
0004050397,2025_01,0,13228,2025000000,人,77236
0004050397,2025_01,0,13229,2025000000,人,207589
0004050397,2025_01,0,13303,2025000000,人,31161
0004050397,2025_01,0,13305,2025000000,人,16064
0004050397,2025_01,0,13307,2025000000,人,1761
0004050397,2025_01,0,13308,2025000000,人,4170
0004050397,2025_01,0,13361,2025000000,人,6302
0004050397,2025_01,0,13362,2025000000,人,304
0004050397,2025_01,0,13363,2025000000,人,2168
0004050397,2025_01,0,13364,2025000000,人,1651
0004050397,2025_01,0,13381,2025000000,人,1980
0004050397,2025_01,0,13382,2025000000,人,291
0004050397,2025_01,0,13401,2025000000,人,6476
0004050397,2025_01,0,13402,2025000000,人,168
0004050397,2025_01,0,13421,2025000000,人,2711
0004050397,2025_01,0,14000,2025000000,人,9193657
0004050397,2025_01,0,14100,2025000000,人,3754840
0004050397,2025_01,0,14101,2025000000,人,296717
0004050397,2025_01,0,14102,2025000000,人,252480
0004050397,2025_01,0,14103,2025000000,人,108115
0004050397,2025_01,0,14104,2025000000,人,154665
0004050397,2025_01,0,14105,2025000000,人,198249
0004050397,2025_01,0,14106,2025000000,人,203604
0004050397,2025_01,0,14107,2025000000,人,163675
0004050397,2025_01,0,14108,2025000000,人,192249
0004050397,2025_01,0,14109,2025000000,人,363645
0004050397,2025_01,0,14110,2025000000,人,280969
0004050397,2025_01,0,14111,2025000000,人,209622
0004050397,2025_01,0,14112,2025000000,人,239616
0004050397,2025_01,0,14113,2025000000,人,180957
0004050397,2025_01,0,14114,2025000000,人,120408
0004050397,2025_01,0,14115,2025000000,人,119144
0004050397,2025_01,0,14116,2025000000,人,149491
0004050397,2025_01,0,14117,2025000000,人,307249
0004050397,2025_01,0,14118,2025000000,人,213985
0004050397,2025_01,0,14130,2025000000,人,1561132
0004050397,2025_01,0,14131,2025000000,人,233568
0004050397,2025_01,0,14132,2025000000,人,175868
0004050397,2025_01,0,14133,2025000000,人,269779
0004050397,2025_01,0,14134,2025000000,人,237369
0004050397,2025_01,0,14135,2025000000,人,229061
0004050397,2025_01,0,14136,2025000000,人,235591
0004050397,2025_01,0,14137,2025000000,人,179896
0004050397,2025_01,0,14150,2025000000,人,712105
0004050397,2025_01,0,14151,2025000000,人,165346
0004050397,2025_01,0,14152,2025000000,人,268582
0004050397,2025_01,0,14153,2025000000,人,278177
0004050397,2025_01,0,14201,2025000000,人,364978
0004050397,2025_01,0,14203,2025000000,人,257974
0004050397,2025_01,0,14204,2025000000,人,169870
0004050397,2025_01,0,14205,2025000000,人,443894
0004050397,2025_01,0,14206,2025000000,人,184934
0004050397,2025_01,0,14207,2025000000,人,244603
0004050397,2025_01,0,14208,2025000000,人,55263
0004050397,2025_01,0,14210,2025000000,人,38657
0004050397,2025_01,0,14211,2025000000,人,161910
0004050397,2025_01,0,14212,2025000000,人,222897
0004050397,2025_01,0,14213,2025000000,人,246263
0004050397,2025_01,0,14214,2025000000,人,100457
0004050397,2025_01,0,14215,2025000000,人,141660
0004050397,2025_01,0,14216,2025000000,人,131897
0004050397,2025_01,0,14217,2025000000,人,39101
0004050397,2025_01,0,14218,2025000000,人,82952
0004050397,2025_01,0,14301,2025000000,人,30045
0004050397,2025_01,0,14321,2025000000,人,48066
0004050397,2025_01,0,14341,2025000000,人,30484
0004050397,2025_01,0,14342,2025000000,人,26449
0004050397,2025_01,0,14361,2025000000,人,8693
0004050397,2025_01,0,14362,2025000000,人,17185
0004050397,2025_01,0,14363,2025000000,人,10058
0004050397,2025_01,0,14364,2025000000,人,8844
0004050397,2025_01,0,14366,2025000000,人,18597
0004050397,2025_01,0,14382,2025000000,人,10274
0004050397,2025_01,0,14383,2025000000,人,5971
0004050397,2025_01,0,14384,2025000000,人,21671
0004050397,2025_01,0,14401,2025000000,人,39114
0004050397,2025_01,0,14402,2025000000,人,2819
0004050397,2025_01,0,15000,2025000000,人,2068476
0004050397,2025_01,0,15100,2025000000,人,759618
0004050397,2025_01,0,15101,2025000000,人,70218
0004050397,2025_01,0,15102,2025000000,人,127698
0004050397,2025_01,0,15103,2025000000,人,177404
0004050397,2025_01,0,15104,2025000000,人,66863
0004050397,2025_01,0,15105,2025000000,人,71594
0004050397,2025_01,0,15106,2025000000,人,41187
0004050397,2025_01,0,15107,2025000000,人,154243
0004050397,2025_01,0,15108,2025000000,人,50411
0004050397,2025_01,0,15202,2025000000,人,251272
0004050397,2025_01,0,15204,2025000000,人,88461
0004050397,2025_01,0,15205,2025000000,人,74755
0004050397,2025_01,0,15206,2025000000,人,89623
0004050397,2025_01,0,15208,2025000000,人,31424
0004050397,2025_01,0,15209,2025000000,人,22981
0004050397,2025_01,0,15210,2025000000,人,44541
0004050397,2025_01,0,15211,2025000000,人,36692
0004050397,2025_01,0,15212,2025000000,人,51480
0004050397,2025_01,0,15213,2025000000,人,73726
0004050397,2025_01,0,15216,2025000000,人,36531
0004050397,2025_01,0,15217,2025000000,人,27934
0004050397,2025_01,0,15218,2025000000,人,43518
0004050397,2025_01,0,15222,2025000000,人,176644
0004050397,2025_01,0,15223,2025000000,人,37547
0004050397,2025_01,0,15224,2025000000,人,45404
0004050397,2025_01,0,15225,2025000000,人,31047
0004050397,2025_01,0,15226,2025000000,人,51198
0004050397,2025_01,0,15227,2025000000,人,26244
0004050397,2025_01,0,15307,2025000000,人,14076
0004050397,2025_01,0,15342,2025000000,人,7121
0004050397,2025_01,0,15361,2025000000,人,10297
0004050397,2025_01,0,15385,2025000000,人,8329
0004050397,2025_01,0,15405,2025000000,人,3601
0004050397,2025_01,0,15461,2025000000,人,7508
0004050397,2025_01,0,15482,2025000000,人,7974
0004050397,2025_01,0,15504,2025000000,人,4314
0004050397,2025_01,0,15581,2025000000,人,4315
0004050397,2025_01,0,15586,2025000000,人,301
0004050397,2025_01,0,16000,2025000000,人,985675
0004050397,2025_01,0,16201,2025000000,人,402133
0004050397,2025_01,0,16202,2025000000,人,158563
0004050397,2025_01,0,16204,2025000000,人,37501
0004050397,2025_01,0,16205,2025000000,人,39149
0004050397,2025_01,0,16206,2025000000,人,31331
0004050397,2025_01,0,16207,2025000000,人,37632
0004050397,2025_01,0,16208,2025000000,人,45823
0004050397,2025_01,0,16209,2025000000,人,26691
0004050397,2025_01,0,16210,2025000000,人,43945
0004050397,2025_01,0,16211,2025000000,人,87701
0004050397,2025_01,0,16321,2025000000,人,3277
0004050397,2025_01,0,16322,2025000000,人,17711
0004050397,2025_01,0,16323,2025000000,人,23234
0004050397,2025_01,0,16342,2025000000,人,21396
0004050397,2025_01,0,16343,2025000000,人,9588
0004050397,2025_01,0,17000,2025000000,人,1088221
0004050397,2025_01,0,17201,2025000000,人,454071
0004050397,2025_01,0,17202,2025000000,人,44249
0004050397,2025_01,0,17203,2025000000,人,103597
0004050397,2025_01,0,17204,2025000000,人,18072
0004050397,2025_01,0,17205,2025000000,人,8528
0004050397,2025_01,0,17206,2025000000,人,58691
0004050397,2025_01,0,17207,2025000000,人,18854
0004050397,2025_01,0,17209,2025000000,人,36009
0004050397,2025_01,0,17210,2025000000,人,109063
0004050397,2025_01,0,17211,2025000000,人,48473
0004050397,2025_01,0,17212,2025000000,人,58594
0004050397,2025_01,0,17324,2025000000,人,5873
0004050397,2025_01,0,17361,2025000000,人,37264
0004050397,2025_01,0,17365,2025000000,人,25384
0004050397,2025_01,0,17384,2025000000,人,15914
0004050397,2025_01,0,17386,2025000000,人,11073
0004050397,2025_01,0,17407,2025000000,人,15253
0004050397,2025_01,0,17461,2025000000,人,6532
0004050397,2025_01,0,17463,2025000000,人,12727
0004050397,2025_01,0,18000,2025000000,人,729386
0004050397,2025_01,0,18201,2025000000,人,252068
0004050397,2025_01,0,18202,2025000000,人,60569
0004050397,2025_01,0,18204,2025000000,人,26542
0004050397,2025_01,0,18205,2025000000,人,27765
0004050397,2025_01,0,18206,2025000000,人,20187
0004050397,2025_01,0,18207,2025000000,人,67223
0004050397,2025_01,0,18208,2025000000,人,25747
0004050397,2025_01,0,18209,2025000000,人,79324
0004050397,2025_01,0,18210,2025000000,人,84792
0004050397,2025_01,0,18322,2025000000,人,17992
0004050397,2025_01,0,18382,2025000000,人,2285
0004050397,2025_01,0,18404,2025000000,人,8949
0004050397,2025_01,0,18423,2025000000,人,18550
0004050397,2025_01,0,18442,2025000000,人,8284
0004050397,2025_01,0,18481,2025000000,人,9136
0004050397,2025_01,0,18483,2025000000,人,7274
0004050397,2025_01,0,18501,2025000000,人,12699
0004050397,2025_01,0,19000,2025000000,人,779912
0004050397,2025_01,0,19201,2025000000,人,183630
0004050397,2025_01,0,19202,2025000000,人,43647
0004050397,2025_01,0,19204,2025000000,人,30310
0004050397,2025_01,0,19205,2025000000,人,31295
0004050397,2025_01,0,19206,2025000000,人,20045
0004050397,2025_01,0,19207,2025000000,人,27782
0004050397,2025_01,0,19208,2025000000,人,69250
0004050397,2025_01,0,19209,2025000000,人,41826
0004050397,2025_01,0,19210,2025000000,人,75545
0004050397,2025_01,0,19211,2025000000,人,64272
0004050397,2025_01,0,19212,2025000000,人,20873
0004050397,2025_01,0,19213,2025000000,人,26992
0004050397,2025_01,0,19214,2025000000,人,30118
0004050397,2025_01,0,19346,2025000000,人,13367
0004050397,2025_01,0,19364,2025000000,人,928
0004050397,2025_01,0,19365,2025000000,人,8921
0004050397,2025_01,0,19366,2025000000,人,6329
0004050397,2025_01,0,19368,2025000000,人,13186
0004050397,2025_01,0,19384,2025000000,人,21799
0004050397,2025_01,0,19422,2025000000,人,1443
0004050397,2025_01,0,19423,2025000000,人,3608
0004050397,2025_01,0,19424,2025000000,人,9156
0004050397,2025_01,0,19425,2025000000,人,5216
0004050397,2025_01,0,19429,2025000000,人,2761
0004050397,2025_01,0,19430,2025000000,人,26497
0004050397,2025_01,0,19442,2025000000,人,603
0004050397,2025_01,0,19443,2025000000,人,513
0004050397,2025_01,0,20000,2025000000,人,1954950
0004050397,2025_01,0,20201,2025000000,人,357112
0004050397,2025_01,0,20202,2025000000,人,232347
0004050397,2025_01,0,20203,2025000000,人,144350
0004050397,2025_01,0,20204,2025000000,人,44535
0004050397,2025_01,0,20205,2025000000,人,90652
0004050397,2025_01,0,20206,2025000000,人,46402
0004050397,2025_01,0,20207,2025000000,人,47799
0004050397,2025_01,0,20208,2025000000,人,40217
0004050397,2025_01,0,20209,2025000000,人,63597
0004050397,2025_01,0,20210,2025000000,人,30890
0004050397,2025_01,0,20211,2025000000,人,40248
0004050397,2025_01,0,20212,2025000000,人,23950
0004050397,2025_01,0,20213,2025000000,人,17700
0004050397,2025_01,0,20214,2025000000,人,54467
0004050397,2025_01,0,20215,2025000000,人,65496
0004050397,2025_01,0,20217,2025000000,人,97070
0004050397,2025_01,0,20218,2025000000,人,57161
0004050397,2025_01,0,20219,2025000000,人,28582
0004050397,2025_01,0,20220,2025000000,人,91861
0004050397,2025_01,0,20303,2025000000,人,4056
0004050397,2025_01,0,20304,2025000000,人,4191
0004050397,2025_01,0,20305,2025000000,人,3342
0004050397,2025_01,0,20306,2025000000,人,868
0004050397,2025_01,0,20307,2025000000,人,615
0004050397,2025_01,0,20309,2025000000,人,9577
0004050397,2025_01,0,20321,2025000000,人,18465
0004050397,2025_01,0,20323,2025000000,人,16555
0004050397,2025_01,0,20324,2025000000,人,6219
0004050397,2025_01,0,20349,2025000000,人,3781
0004050397,2025_01,0,20350,2025000000,人,5143
0004050397,2025_01,0,20361,2025000000,人,17636
0004050397,2025_01,0,20362,2025000000,人,13370
0004050397,2025_01,0,20363,2025000000,人,7793
0004050397,2025_01,0,20382,2025000000,人,17048
0004050397,2025_01,0,20383,2025000000,人,23858
0004050397,2025_01,0,20384,2025000000,人,8498
0004050397,2025_01,0,20385,2025000000,人,16000
0004050397,2025_01,0,20386,2025000000,人,4354
0004050397,2025_01,0,20388,2025000000,人,8097
0004050397,2025_01,0,20402,2025000000,人,11833
0004050397,2025_01,0,20403,2025000000,人,12146
0004050397,2025_01,0,20404,2025000000,人,3674
0004050397,2025_01,0,20407,2025000000,人,5720
0004050397,2025_01,0,20409,2025000000,人,353
0004050397,2025_01,0,20410,2025000000,人,785
0004050397,2025_01,0,20411,2025000000,人,3138
0004050397,2025_01,0,20412,2025000000,人,452
0004050397,2025_01,0,20413,2025000000,人,965
0004050397,2025_01,0,20414,2025000000,人,1377
0004050397,2025_01,0,20415,2025000000,人,5518
0004050397,2025_01,0,20416,2025000000,人,6214
0004050397,2025_01,0,20417,2025000000,人,945
0004050397,2025_01,0,20422,2025000000,人,3653
0004050397,2025_01,0,20423,2025000000,人,3541
0004050397,2025_01,0,20425,2025000000,人,2351
0004050397,2025_01,0,20429,2025000000,人,586
0004050397,2025_01,0,20430,2025000000,人,2983
0004050397,2025_01,0,20432,2025000000,人,9528
0004050397,2025_01,0,20446,2025000000,人,2315
0004050397,2025_01,0,20448,2025000000,人,1497
0004050397,2025_01,0,20450,2025000000,人,8111
0004050397,2025_01,0,20451,2025000000,人,4050
0004050397,2025_01,0,20452,2025000000,人,3746
0004050397,2025_01,0,20481,2025000000,人,8622
0004050397,2025_01,0,20482,2025000000,人,9431
0004050397,2025_01,0,20485,2025000000,人,8391
0004050397,2025_01,0,20486,2025000000,人,2420
0004050397,2025_01,0,20521,2025000000,人,12902
0004050397,2025_01,0,20541,2025000000,人,10474
0004050397,2025_01,0,20543,2025000000,人,6169
0004050397,2025_01,0,20561,2025000000,人,10290
0004050397,2025_01,0,20562,2025000000,人,3912
0004050397,2025_01,0,20563,2025000000,人,2913
0004050397,2025_01,0,20583,2025000000,人,6898
0004050397,2025_01,0,20588,2025000000,人,2010
0004050397,2025_01,0,20590,2025000000,人,9668
0004050397,2025_01,0,20602,2025000000,人,1467
0004050397,2025_01,0,21000,2025000000,人,1891489
0004050397,2025_01,0,21201,2025000000,人,389011
0004050397,2025_01,0,21202,2025000000,人,154474
0004050397,2025_01,0,21203,2025000000,人,79355
0004050397,2025_01,0,21204,2025000000,人,101795
0004050397,2025_01,0,21205,2025000000,人,80844
0004050397,2025_01,0,21206,2025000000,人,71055
0004050397,2025_01,0,21207,2025000000,人,17590
0004050397,2025_01,0,21208,2025000000,人,35064
0004050397,2025_01,0,21209,2025000000,人,64464
0004050397,2025_01,0,21210,2025000000,人,43844
0004050397,2025_01,0,21211,2025000000,人,56872
0004050397,2025_01,0,21212,2025000000,人,51044
0004050397,2025_01,0,21213,2025000000,人,141226
0004050397,2025_01,0,21214,2025000000,人,97210
0004050397,2025_01,0,21215,2025000000,人,23348
0004050397,2025_01,0,21216,2025000000,人,56671
0004050397,2025_01,0,21217,2025000000,人,20481
0004050397,2025_01,0,21218,2025000000,人,31785
0004050397,2025_01,0,21219,2025000000,人,35540
0004050397,2025_01,0,21220,2025000000,人,27350
0004050397,2025_01,0,21221,2025000000,人,29903
0004050397,2025_01,0,21302,2025000000,人,26128
0004050397,2025_01,0,21303,2025000000,人,21833
0004050397,2025_01,0,21341,2025000000,人,24371
0004050397,2025_01,0,21361,2025000000,人,24949
0004050397,2025_01,0,21362,2025000000,人,5776
0004050397,2025_01,0,21381,2025000000,人,17590
0004050397,2025_01,0,21382,2025000000,人,8918
0004050397,2025_01,0,21383,2025000000,人,13892
0004050397,2025_01,0,21401,2025000000,人,17295
0004050397,2025_01,0,21403,2025000000,人,20549
0004050397,2025_01,0,21404,2025000000,人,21561
0004050397,2025_01,0,21421,2025000000,人,18239
0004050397,2025_01,0,21501,2025000000,人,8114
0004050397,2025_01,0,21502,2025000000,人,5795
0004050397,2025_01,0,21503,2025000000,人,9239
0004050397,2025_01,0,21504,2025000000,人,2873
0004050397,2025_01,0,21505,2025000000,人,9241
0004050397,2025_01,0,21506,2025000000,人,6408
0004050397,2025_01,0,21507,2025000000,人,1809
0004050397,2025_01,0,21521,2025000000,人,16503
0004050397,2025_01,0,21604,2025000000,人,1480
0004050397,2025_01,0,22000,2025000000,人,3468845
0004050397,2025_01,0,22100,2025000000,人,659620
0004050397,2025_01,0,22101,2025000000,人,238244
0004050397,2025_01,0,22102,2025000000,人,205146
0004050397,2025_01,0,22103,2025000000,人,216230
0004050397,2025_01,0,22130,2025000000,人,765750
0004050397,2025_01,0,22138,2025000000,人,591381
0004050397,2025_01,0,22139,2025000000,人,150707
0004050397,2025_01,0,22140,2025000000,人,23662
0004050397,2025_01,0,22203,2025000000,人,179438
0004050397,2025_01,0,22205,2025000000,人,31433
0004050397,2025_01,0,22206,2025000000,人,103085
0004050397,2025_01,0,22207,2025000000,人,119185
0004050397,2025_01,0,22208,2025000000,人,61192
0004050397,2025_01,0,22209,2025000000,人,91266
0004050397,2025_01,0,22210,2025000000,人,237793
0004050397,2025_01,0,22211,2025000000,人,160548
0004050397,2025_01,0,22212,2025000000,人,130935
0004050397,2025_01,0,22213,2025000000,人,111662
0004050397,2025_01,0,22214,2025000000,人,134513
0004050397,2025_01,0,22215,2025000000,人,81142
0004050397,2025_01,0,22216,2025000000,人,86597
0004050397,2025_01,0,22219,2025000000,人,17924
0004050397,2025_01,0,22220,2025000000,人,47341
0004050397,2025_01,0,22221,2025000000,人,55211
0004050397,2025_01,0,22222,2025000000,人,25746
0004050397,2025_01,0,22223,2025000000,人,28464
0004050397,2025_01,0,22224,2025000000,人,45535
0004050397,2025_01,0,22225,2025000000,人,44154
0004050397,2025_01,0,22226,2025000000,人,40343
0004050397,2025_01,0,22301,2025000000,人,10225
0004050397,2025_01,0,22302,2025000000,人,6140
0004050397,2025_01,0,22304,2025000000,人,7005
0004050397,2025_01,0,22305,2025000000,人,5231
0004050397,2025_01,0,22306,2025000000,人,6086
0004050397,2025_01,0,22325,2025000000,人,34768
0004050397,2025_01,0,22341,2025000000,人,31094
0004050397,2025_01,0,22342,2025000000,人,43257
0004050397,2025_01,0,22344,2025000000,人,17146
0004050397,2025_01,0,22424,2025000000,人,27753
0004050397,2025_01,0,22429,2025000000,人,5318
0004050397,2025_01,0,22461,2025000000,人,15945
0004050397,2025_01,0,23000,2025000000,人,7449403
0004050397,2025_01,0,23100,2025000000,人,2345892
0004050397,2025_01,0,23101,2025000000,人,172815
0004050397,2025_01,0,23102,2025000000,人,90599
0004050397,2025_01,0,23103,2025000000,人,160198
0004050397,2025_01,0,23104,2025000000,人,153147
0004050397,2025_01,0,23105,2025000000,人,145841
0004050397,2025_01,0,23106,2025000000,人,107614
0004050397,2025_01,0,23107,2025000000,人,109184
0004050397,2025_01,0,23108,2025000000,人,109381
0004050397,2025_01,0,23109,2025000000,人,68005
0004050397,2025_01,0,23110,2025000000,人,216302
0004050397,2025_01,0,23111,2025000000,人,132755
0004050397,2025_01,0,23112,2025000000,人,132308
0004050397,2025_01,0,23113,2025000000,人,176201
0004050397,2025_01,0,23114,2025000000,人,247294
0004050397,2025_01,0,23115,2025000000,人,161962
0004050397,2025_01,0,23116,2025000000,人,162286
0004050397,2025_01,0,23201,2025000000,人,360031
0004050397,2025_01,0,23202,2025000000,人,377608
0004050397,2025_01,0,23203,2025000000,人,368755
0004050397,2025_01,0,23204,2025000000,人,123514
0004050397,2025_01,0,23205,2025000000,人,113533
0004050397,2025_01,0,23206,2025000000,人,303120
0004050397,2025_01,0,23207,2025000000,人,182525
0004050397,2025_01,0,23208,2025000000,人,57868
0004050397,2025_01,0,23209,2025000000,人,71349
0004050397,2025_01,0,23210,2025000000,人,152807
0004050397,2025_01,0,23211,2025000000,人,412230
0004050397,2025_01,0,23212,2025000000,人,186353
0004050397,2025_01,0,23213,2025000000,人,166200
0004050397,2025_01,0,23214,2025000000,人,74931
0004050397,2025_01,0,23215,2025000000,人,69940
0004050397,2025_01,0,23216,2025000000,人,57832
0004050397,2025_01,0,23217,2025000000,人,94137
0004050397,2025_01,0,23219,2025000000,人,144181
0004050397,2025_01,0,23220,2025000000,人,129885
0004050397,2025_01,0,23221,2025000000,人,40664
0004050397,2025_01,0,23222,2025000000,人,112487
0004050397,2025_01,0,23223,2025000000,人,92485
0004050397,2025_01,0,23224,2025000000,人,82095
0004050397,2025_01,0,23225,2025000000,人,72568
0004050397,2025_01,0,23226,2025000000,人,82469
0004050397,2025_01,0,23227,2025000000,人,48122
0004050397,2025_01,0,23228,2025000000,人,47386
0004050397,2025_01,0,23229,2025000000,人,68382
0004050397,2025_01,0,23230,2025000000,人,94740
0004050397,2025_01,0,23231,2025000000,人,56352
0004050397,2025_01,0,23232,2025000000,人,57808
0004050397,2025_01,0,23233,2025000000,人,68178
0004050397,2025_01,0,23234,2025000000,人,85687
0004050397,2025_01,0,23235,2025000000,人,42235
0004050397,2025_01,0,23236,2025000000,人,61452
0004050397,2025_01,0,23237,2025000000,人,86552
0004050397,2025_01,0,23238,2025000000,人,63385
0004050397,2025_01,0,23302,2025000000,人,43891
0004050397,2025_01,0,23342,2025000000,人,15775
0004050397,2025_01,0,23361,2025000000,人,23501
0004050397,2025_01,0,23362,2025000000,人,34136
0004050397,2025_01,0,23424,2025000000,人,32450
0004050397,2025_01,0,23425,2025000000,人,36471
0004050397,2025_01,0,23427,2025000000,人,4410
0004050397,2025_01,0,23441,2025000000,人,27377
0004050397,2025_01,0,23442,2025000000,人,48958
0004050397,2025_01,0,23445,2025000000,人,14452
0004050397,2025_01,0,23446,2025000000,人,20504
0004050397,2025_01,0,23447,2025000000,人,42921
0004050397,2025_01,0,23501,2025000000,人,41591
0004050397,2025_01,0,23561,2025000000,人,3929
0004050397,2025_01,0,23562,2025000000,人,2464
0004050397,2025_01,0,23563,2025000000,人,835
0004050397,2025_01,0,24000,2025000000,人,1694896
0004050397,2025_01,0,24201,2025000000,人,263923
0004050397,2025_01,0,24202,2025000000,人,303909
0004050397,2025_01,0,24203,2025000000,人,115468
0004050397,2025_01,0,24204,2025000000,人,150688
0004050397,2025_01,0,24205,2025000000,人,133931
0004050397,2025_01,0,24207,2025000000,人,189871
0004050397,2025_01,0,24208,2025000000,人,72036
0004050397,2025_01,0,24209,2025000000,人,14134
0004050397,2025_01,0,24210,2025000000,人,49168
0004050397,2025_01,0,24211,2025000000,人,15129
0004050397,2025_01,0,24212,2025000000,人,13988
0004050397,2025_01,0,24214,2025000000,人,44095
0004050397,2025_01,0,24215,2025000000,人,40524
0004050397,2025_01,0,24216,2025000000,人,81871
0004050397,2025_01,0,24303,2025000000,人,5714
0004050397,2025_01,0,24324,2025000000,人,25365
0004050397,2025_01,0,24341,2025000000,人,39296
0004050397,2025_01,0,24343,2025000000,人,11063
0004050397,2025_01,0,24344,2025000000,人,15794
0004050397,2025_01,0,24441,2025000000,人,12908
0004050397,2025_01,0,24442,2025000000,人,21445
0004050397,2025_01,0,24443,2025000000,人,7794
0004050397,2025_01,0,24461,2025000000,人,14371
0004050397,2025_01,0,24470,2025000000,人,7221
0004050397,2025_01,0,24471,2025000000,人,6560
0004050397,2025_01,0,24472,2025000000,人,9220
0004050397,2025_01,0,24543,2025000000,人,12468
0004050397,2025_01,0,24561,2025000000,人,7302
0004050397,2025_01,0,24562,2025000000,人,9640
0004050397,2025_01,0,25000,2025000000,人,1392439
0004050397,2025_01,0,25201,2025000000,人,343051
0004050397,2025_01,0,25202,2025000000,人,111647
0004050397,2025_01,0,25203,2025000000,人,108085
0004050397,2025_01,0,25204,2025000000,人,79393
0004050397,2025_01,0,25206,2025000000,人,148731
0004050397,2025_01,0,25207,2025000000,人,84539
0004050397,2025_01,0,25208,2025000000,人,69129
0004050397,2025_01,0,25209,2025000000,人,84982
0004050397,2025_01,0,25210,2025000000,人,50013
0004050397,2025_01,0,25211,2025000000,人,53614
0004050397,2025_01,0,25212,2025000000,人,43130
0004050397,2025_01,0,25213,2025000000,人,109923
0004050397,2025_01,0,25214,2025000000,人,35339
0004050397,2025_01,0,25383,2025000000,人,20010
0004050397,2025_01,0,25384,2025000000,人,10935
0004050397,2025_01,0,25425,2025000000,人,20415
0004050397,2025_01,0,25441,2025000000,人,6800
0004050397,2025_01,0,25442,2025000000,人,5715
0004050397,2025_01,0,25443,2025000000,人,6988
0004050397,2025_01,0,26000,2025000000,人,2502747
0004050397,2025_01,0,26100,2025000000,人,1431713
0004050397,2025_01,0,26101,2025000000,人,114349
0004050397,2025_01,0,26102,2025000000,人,83091
0004050397,2025_01,0,26103,2025000000,人,162387
0004050397,2025_01,0,26104,2025000000,人,111400
0004050397,2025_01,0,26105,2025000000,人,35193
0004050397,2025_01,0,26106,2025000000,人,84519
0004050397,2025_01,0,26107,2025000000,人,102742
0004050397,2025_01,0,26108,2025000000,人,196376
0004050397,2025_01,0,26109,2025000000,人,270182
0004050397,2025_01,0,26110,2025000000,人,128356
0004050397,2025_01,0,26111,2025000000,人,143118
0004050397,2025_01,0,26201,2025000000,人,73549
0004050397,2025_01,0,26202,2025000000,人,73091
0004050397,2025_01,0,26203,2025000000,人,29885
0004050397,2025_01,0,26204,2025000000,人,173036
0004050397,2025_01,0,26205,2025000000,人,15086
0004050397,2025_01,0,26206,2025000000,人,83245
0004050397,2025_01,0,26207,2025000000,人,71769
0004050397,2025_01,0,26208,2025000000,人,55262
0004050397,2025_01,0,26209,2025000000,人,81611
0004050397,2025_01,0,26210,2025000000,人,67613
0004050397,2025_01,0,26211,2025000000,人,74345
0004050397,2025_01,0,26212,2025000000,人,46712
0004050397,2025_01,0,26213,2025000000,人,30051
0004050397,2025_01,0,26214,2025000000,人,77972
0004050397,2025_01,0,26303,2025000000,人,15960
0004050397,2025_01,0,26322,2025000000,人,14683
0004050397,2025_01,0,26343,2025000000,人,7025
0004050397,2025_01,0,26344,2025000000,人,8453
0004050397,2025_01,0,26364,2025000000,人,953
0004050397,2025_01,0,26365,2025000000,人,2977
0004050397,2025_01,0,26366,2025000000,人,34537
0004050397,2025_01,0,26367,2025000000,人,2141
0004050397,2025_01,0,26407,2025000000,人,11350
0004050397,2025_01,0,26463,2025000000,人,1691
0004050397,2025_01,0,26465,2025000000,人,18037
0004050397,2025_01,0,27000,2025000000,人,8764578
0004050397,2025_01,0,27100,2025000000,人,2808624
0004050397,2025_01,0,27102,2025000000,人,110124
0004050397,2025_01,0,27103,2025000000,人,84223
0004050397,2025_01,0,27104,2025000000,人,62323
0004050397,2025_01,0,27106,2025000000,人,115449
0004050397,2025_01,0,27107,2025000000,人,80734
0004050397,2025_01,0,27108,2025000000,人,60125
0004050397,2025_01,0,27109,2025000000,人,87782
0004050397,2025_01,0,27111,2025000000,人,87409
0004050397,2025_01,0,27113,2025000000,人,97178
0004050397,2025_01,0,27114,2025000000,人,178007
0004050397,2025_01,0,27115,2025000000,人,89429
0004050397,2025_01,0,27116,2025000000,人,128673
0004050397,2025_01,0,27117,2025000000,人,90745
0004050397,2025_01,0,27118,2025000000,人,169504
0004050397,2025_01,0,27119,2025000000,人,112456
0004050397,2025_01,0,27120,2025000000,人,150459
0004050397,2025_01,0,27121,2025000000,人,131606
0004050397,2025_01,0,27122,2025000000,人,105419
0004050397,2025_01,0,27123,2025000000,人,190163
0004050397,2025_01,0,27124,2025000000,人,109900
0004050397,2025_01,0,27125,2025000000,人,115287
0004050397,2025_01,0,27126,2025000000,人,182659
0004050397,2025_01,0,27127,2025000000,人,149620
0004050397,2025_01,0,27128,2025000000,人,119350
0004050397,2025_01,0,27140,2025000000,人,803333
0004050397,2025_01,0,27141,2025000000,人,150091
0004050397,2025_01,0,27142,2025000000,人,115765
0004050397,2025_01,0,27143,2025000000,人,83986
0004050397,2025_01,0,27144,2025000000,人,131938
0004050397,2025_01,0,27145,2025000000,人,127881
0004050397,2025_01,0,27146,2025000000,人,157733
0004050397,2025_01,0,27147,2025000000,人,35939
0004050397,2025_01,0,27202,2025000000,人,185734
0004050397,2025_01,0,27203,2025000000,人,404479
0004050397,2025_01,0,27204,2025000000,人,104148
0004050397,2025_01,0,27205,2025000000,人,394503
0004050397,2025_01,0,27206,2025000000,人,71688
0004050397,2025_01,0,27207,2025000000,人,345475
0004050397,2025_01,0,27208,2025000000,人,78774
0004050397,2025_01,0,27209,2025000000,人,140791
0004050397,2025_01,0,27210,2025000000,人,388992
0004050397,2025_01,0,27211,2025000000,人,287098
0004050397,2025_01,0,27212,2025000000,人,257600
0004050397,2025_01,0,27213,2025000000,人,100329
0004050397,2025_01,0,27214,2025000000,人,103296
0004050397,2025_01,0,27215,2025000000,人,222102
0004050397,2025_01,0,27216,2025000000,人,94871
0004050397,2025_01,0,27217,2025000000,人,114815
0004050397,2025_01,0,27218,2025000000,人,113642
0004050397,2025_01,0,27219,2025000000,人,181715
0004050397,2025_01,0,27220,2025000000,人,140586
0004050397,2025_01,0,27221,2025000000,人,65690
0004050397,2025_01,0,27222,2025000000,人,104183
0004050397,2025_01,0,27223,2025000000,人,111702
0004050397,2025_01,0,27224,2025000000,人,86462
0004050397,2025_01,0,27225,2025000000,人,53524
0004050397,2025_01,0,27226,2025000000,人,61129
0004050397,2025_01,0,27227,2025000000,人,482618
0004050397,2025_01,0,27228,2025000000,人,56136
0004050397,2025_01,0,27229,2025000000,人,53455
0004050397,2025_01,0,27230,2025000000,人,75573
0004050397,2025_01,0,27231,2025000000,人,57479
0004050397,2025_01,0,27232,2025000000,人,47657
0004050397,2025_01,0,27301,2025000000,人,31617
0004050397,2025_01,0,27321,2025000000,人,16707
0004050397,2025_01,0,27322,2025000000,人,7893
0004050397,2025_01,0,27341,2025000000,人,15640
0004050397,2025_01,0,27361,2025000000,人,42511
0004050397,2025_01,0,27362,2025000000,人,8109
0004050397,2025_01,0,27366,2025000000,人,13065
0004050397,2025_01,0,27381,2025000000,人,12062
0004050397,2025_01,0,27382,2025000000,人,14498
0004050397,2025_01,0,27383,2025000000,人,4273
0004050397,2025_01,0,28000,2025000000,人,5323825
0004050397,2025_01,0,28100,2025000000,人,1497630
0004050397,2025_01,0,28101,2025000000,人,211921
0004050397,2025_01,0,28102,2025000000,人,137283
0004050397,2025_01,0,28105,2025000000,人,111844
0004050397,2025_01,0,28106,2025000000,人,93096
0004050397,2025_01,0,28107,2025000000,人,152654
0004050397,2025_01,0,28108,2025000000,人,206825
0004050397,2025_01,0,28109,2025000000,人,203615
0004050397,2025_01,0,28110,2025000000,人,152124
0004050397,2025_01,0,28111,2025000000,人,228268
0004050397,2025_01,0,28201,2025000000,人,518311
0004050397,2025_01,0,28202,2025000000,人,457162
0004050397,2025_01,0,28203,2025000000,人,307043
0004050397,2025_01,0,28204,2025000000,人,482834
0004050397,2025_01,0,28205,2025000000,人,38620
0004050397,2025_01,0,28206,2025000000,人,91703
0004050397,2025_01,0,28207,2025000000,人,195152
0004050397,2025_01,0,28208,2025000000,人,26034
0004050397,2025_01,0,28209,2025000000,人,71833
0004050397,2025_01,0,28210,2025000000,人,253220
0004050397,2025_01,0,28212,2025000000,人,42714
0004050397,2025_01,0,28213,2025000000,人,35799
0004050397,2025_01,0,28214,2025000000,人,217163
0004050397,2025_01,0,28215,2025000000,人,71248
0004050397,2025_01,0,28216,2025000000,人,83381
0004050397,2025_01,0,28217,2025000000,人,149698
0004050397,2025_01,0,28218,2025000000,人,46169
0004050397,2025_01,0,28219,2025000000,人,105124
0004050397,2025_01,0,28220,2025000000,人,40274
0004050397,2025_01,0,28221,2025000000,人,37037
0004050397,2025_01,0,28222,2025000000,人,19757
0004050397,2025_01,0,28223,2025000000,人,57580
0004050397,2025_01,0,28224,2025000000,人,41107
0004050397,2025_01,0,28225,2025000000,人,26515
0004050397,2025_01,0,28226,2025000000,人,39472
0004050397,2025_01,0,28227,2025000000,人,31269
0004050397,2025_01,0,28228,2025000000,人,39500
0004050397,2025_01,0,28229,2025000000,人,69664
0004050397,2025_01,0,28301,2025000000,人,27435
0004050397,2025_01,0,28365,2025000000,人,17346
0004050397,2025_01,0,28381,2025000000,人,29387
0004050397,2025_01,0,28382,2025000000,人,33250
0004050397,2025_01,0,28442,2025000000,人,9916
0004050397,2025_01,0,28443,2025000000,人,18329
0004050397,2025_01,0,28446,2025000000,人,9484
0004050397,2025_01,0,28464,2025000000,人,32612
0004050397,2025_01,0,28481,2025000000,人,12820
0004050397,2025_01,0,28501,2025000000,人,14141
0004050397,2025_01,0,28585,2025000000,人,14031
0004050397,2025_01,0,28586,2025000000,人,12061
0004050397,2025_01,0,29000,2025000000,人,1269180
0004050397,2025_01,0,29201,2025000000,人,338416
0004050397,2025_01,0,29202,2025000000,人,59522
0004050397,2025_01,0,29203,2025000000,人,81020
0004050397,2025_01,0,29204,2025000000,人,59584
0004050397,2025_01,0,29205,2025000000,人,117697
0004050397,2025_01,0,29206,2025000000,人,52437
0004050397,2025_01,0,29207,2025000000,人,25276
0004050397,2025_01,0,29208,2025000000,人,21543
0004050397,2025_01,0,29209,2025000000,人,114767
0004050397,2025_01,0,29210,2025000000,人,77442
0004050397,2025_01,0,29211,2025000000,人,36841
0004050397,2025_01,0,29212,2025000000,人,25233
0004050397,2025_01,0,29322,2025000000,人,2827
0004050397,2025_01,0,29342,2025000000,人,17355
0004050397,2025_01,0,29343,2025000000,人,22314
0004050397,2025_01,0,29344,2025000000,人,27005
0004050397,2025_01,0,29345,2025000000,人,6786
0004050397,2025_01,0,29361,2025000000,人,7610
0004050397,2025_01,0,29362,2025000000,人,6049
0004050397,2025_01,0,29363,2025000000,人,30556
0004050397,2025_01,0,29385,2025000000,人,1147
0004050397,2025_01,0,29386,2025000000,人,1226
0004050397,2025_01,0,29401,2025000000,人,6038
0004050397,2025_01,0,29402,2025000000,人,4799
0004050397,2025_01,0,29424,2025000000,人,20909
0004050397,2025_01,0,29425,2025000000,人,23422
0004050397,2025_01,0,29426,2025000000,人,33478
0004050397,2025_01,0,29427,2025000000,人,15705
0004050397,2025_01,0,29441,2025000000,人,5245
0004050397,2025_01,0,29442,2025000000,人,15073
0004050397,2025_01,0,29443,2025000000,人,4108
0004050397,2025_01,0,29444,2025000000,人,515
0004050397,2025_01,0,29446,2025000000,人,1025
0004050397,2025_01,0,29447,2025000000,人,290
0004050397,2025_01,0,29449,2025000000,人,2593
0004050397,2025_01,0,29450,2025000000,人,701
0004050397,2025_01,0,29451,2025000000,人,375
0004050397,2025_01,0,29452,2025000000,人,970
0004050397,2025_01,0,29453,2025000000,人,1281
0004050397,2025_01,0,30000,2025000000,人,864262
0004050397,2025_01,0,30201,2025000000,人,341947
0004050397,2025_01,0,30202,2025000000,人,43905
0004050397,2025_01,0,30203,2025000000,人,56820
0004050397,2025_01,0,30204,2025000000,人,23034
0004050397,2025_01,0,30205,2025000000,人,21015
0004050397,2025_01,0,30206,2025000000,人,64316
0004050397,2025_01,0,30207,2025000000,人,24342
0004050397,2025_01,0,30208,2025000000,人,55851
0004050397,2025_01,0,30209,2025000000,人,53479
0004050397,2025_01,0,30304,2025000000,人,7235
0004050397,2025_01,0,30341,2025000000,人,14572
0004050397,2025_01,0,30343,2025000000,人,3444
0004050397,2025_01,0,30344,2025000000,人,2589
0004050397,2025_01,0,30361,2025000000,人,10032
0004050397,2025_01,0,30362,2025000000,人,6095
0004050397,2025_01,0,30366,2025000000,人,23819
0004050397,2025_01,0,30381,2025000000,人,6040
0004050397,2025_01,0,30382,2025000000,人,7676
0004050397,2025_01,0,30383,2025000000,人,4636
0004050397,2025_01,0,30390,2025000000,人,6927
0004050397,2025_01,0,30391,2025000000,人,10698
0004050397,2025_01,0,30392,2025000000,人,8355
0004050397,2025_01,0,30401,2025000000,人,18448
0004050397,2025_01,0,30404,2025000000,人,15091
0004050397,2025_01,0,30406,2025000000,人,3210
0004050397,2025_01,0,30421,2025000000,人,12724
0004050397,2025_01,0,30422,2025000000,人,2687
0004050397,2025_01,0,30424,2025000000,人,2167
0004050397,2025_01,0,30427,2025000000,人,356
0004050397,2025_01,0,30428,2025000000,人,12752
0004050397,2025_01,0,31000,2025000000,人,523732
0004050397,2025_01,0,31201,2025000000,人,179366
0004050397,2025_01,0,31202,2025000000,人,143246
0004050397,2025_01,0,31203,2025000000,人,43251
0004050397,2025_01,0,31204,2025000000,人,31059
0004050397,2025_01,0,31302,2025000000,人,10113
0004050397,2025_01,0,31325,2025000000,人,2337
0004050397,2025_01,0,31328,2025000000,人,5655
0004050397,2025_01,0,31329,2025000000,人,14502
0004050397,2025_01,0,31364,2025000000,人,5346
0004050397,2025_01,0,31370,2025000000,人,15430
0004050397,2025_01,0,31371,2025000000,人,14771
0004050397,2025_01,0,31372,2025000000,人,13474
0004050397,2025_01,0,31384,2025000000,人,3490
0004050397,2025_01,0,31386,2025000000,人,13936
0004050397,2025_01,0,31389,2025000000,人,9549
0004050397,2025_01,0,31390,2025000000,人,9761
0004050397,2025_01,0,31401,2025000000,人,3588
0004050397,2025_01,0,31402,2025000000,人,2494
0004050397,2025_01,0,31403,2025000000,人,2364
0004050397,2025_01,0,32000,2025000000,人,629460
0004050397,2025_01,0,32201,2025000000,人,193586
0004050397,2025_01,0,32202,2025000000,人,48876
0004050397,2025_01,0,32203,2025000000,人,169539
0004050397,2025_01,0,32204,2025000000,人,41489
0004050397,2025_01,0,32205,2025000000,人,29815
0004050397,2025_01,0,32206,2025000000,人,33567
0004050397,2025_01,0,32207,2025000000,人,20420
0004050397,2025_01,0,32209,2025000000,人,32730
0004050397,2025_01,0,32343,2025000000,人,10351
0004050397,2025_01,0,32386,2025000000,人,4127
0004050397,2025_01,0,32441,2025000000,人,2953
0004050397,2025_01,0,32448,2025000000,人,3771
0004050397,2025_01,0,32449,2025000000,人,9135
0004050397,2025_01,0,32501,2025000000,人,6100
0004050397,2025_01,0,32505,2025000000,人,5301
0004050397,2025_01,0,32525,2025000000,人,2347
0004050397,2025_01,0,32526,2025000000,人,2401
0004050397,2025_01,0,32527,2025000000,人,575
0004050397,2025_01,0,32528,2025000000,人,12377
0004050397,2025_01,0,33000,2025000000,人,1808664
0004050397,2025_01,0,33100,2025000000,人,707916
0004050397,2025_01,0,33101,2025000000,人,311192
0004050397,2025_01,0,33102,2025000000,人,145326
0004050397,2025_01,0,33103,2025000000,人,88651
0004050397,2025_01,0,33104,2025000000,人,162747
0004050397,2025_01,0,33202,2025000000,人,462135
0004050397,2025_01,0,33203,2025000000,人,92611
0004050397,2025_01,0,33204,2025000000,人,51975
0004050397,2025_01,0,33205,2025000000,人,41404
0004050397,2025_01,0,33207,2025000000,人,35338
0004050397,2025_01,0,33208,2025000000,人,68722
0004050397,2025_01,0,33209,2025000000,人,25600
0004050397,2025_01,0,33210,2025000000,人,24900
0004050397,2025_01,0,33211,2025000000,人,28619
0004050397,2025_01,0,33212,2025000000,人,34668
0004050397,2025_01,0,33213,2025000000,人,40948
0004050397,2025_01,0,33214,2025000000,人,38482
0004050397,2025_01,0,33215,2025000000,人,23181
0004050397,2025_01,0,33216,2025000000,人,30298
0004050397,2025_01,0,33346,2025000000,人,12336
0004050397,2025_01,0,33423,2025000000,人,12581
0004050397,2025_01,0,33445,2025000000,人,10435
0004050397,2025_01,0,33461,2025000000,人,12356
0004050397,2025_01,0,33586,2025000000,人,711
0004050397,2025_01,0,33606,2025000000,人,11131
0004050397,2025_01,0,33622,2025000000,人,10388
0004050397,2025_01,0,33623,2025000000,人,5100
0004050397,2025_01,0,33643,2025000000,人,1245
0004050397,2025_01,0,33663,2025000000,人,4042
0004050397,2025_01,0,33666,2025000000,人,11629
0004050397,2025_01,0,33681,2025000000,人,9913
0004050397,2025_01,0,34000,2025000000,人,2683399
0004050397,2025_01,0,34100,2025000000,人,1172423
0004050397,2025_01,0,34101,2025000000,人,144267
0004050397,2025_01,0,34102,2025000000,人,115348
0004050397,2025_01,0,34103,2025000000,人,143636
0004050397,2025_01,0,34104,2025000000,人,184911
0004050397,2025_01,0,34105,2025000000,人,243794
0004050397,2025_01,0,34106,2025000000,人,130297
0004050397,2025_01,0,34107,2025000000,人,72391
0004050397,2025_01,0,34108,2025000000,人,137779
0004050397,2025_01,0,34202,2025000000,人,191653
0004050397,2025_01,0,34203,2025000000,人,21756
0004050397,2025_01,0,34204,2025000000,人,83913
0004050397,2025_01,0,34205,2025000000,人,120346
0004050397,2025_01,0,34207,2025000000,人,439994
0004050397,2025_01,0,34208,2025000000,人,33347
0004050397,2025_01,0,34209,2025000000,人,46587
0004050397,2025_01,0,34210,2025000000,人,29598
0004050397,2025_01,0,34211,2025000000,人,24652
0004050397,2025_01,0,34212,2025000000,人,198496
0004050397,2025_01,0,34213,2025000000,人,111953
0004050397,2025_01,0,34214,2025000000,人,24755
0004050397,2025_01,0,34215,2025000000,人,19744
0004050397,2025_01,0,34302,2025000000,人,51213
0004050397,2025_01,0,34304,2025000000,人,30048
0004050397,2025_01,0,34307,2025000000,人,22445
0004050397,2025_01,0,34309,2025000000,人,12030
0004050397,2025_01,0,34368,2025000000,人,5051
0004050397,2025_01,0,34369,2025000000,人,15934
0004050397,2025_01,0,34431,2025000000,人,6574
0004050397,2025_01,0,34462,2025000000,人,13621
0004050397,2025_01,0,34545,2025000000,人,7266
0004050397,2025_01,0,35000,2025000000,人,1264006
0004050397,2025_01,0,35201,2025000000,人,237892
0004050397,2025_01,0,35202,2025000000,人,152811
0004050397,2025_01,0,35203,2025000000,人,190438
0004050397,2025_01,0,35204,2025000000,人,39786
0004050397,2025_01,0,35206,2025000000,人,109723
0004050397,2025_01,0,35207,2025000000,人,55052
0004050397,2025_01,0,35208,2025000000,人,119618
0004050397,2025_01,0,35210,2025000000,人,46329
0004050397,2025_01,0,35211,2025000000,人,28832
0004050397,2025_01,0,35212,2025000000,人,28533
0004050397,2025_01,0,35213,2025000000,人,20145
0004050397,2025_01,0,35215,2025000000,人,131201
0004050397,2025_01,0,35216,2025000000,人,56571
0004050397,2025_01,0,35305,2025000000,人,12854
0004050397,2025_01,0,35321,2025000000,人,5437
0004050397,2025_01,0,35341,2025000000,人,1893
0004050397,2025_01,0,35343,2025000000,人,13395
0004050397,2025_01,0,35344,2025000000,人,10791
0004050397,2025_01,0,35502,2025000000,人,2705
0004050397,2025_01,0,36000,2025000000,人,675489
0004050397,2025_01,0,36201,2025000000,人,241075
0004050397,2025_01,0,36202,2025000000,人,51050
0004050397,2025_01,0,36203,2025000000,人,33993
0004050397,2025_01,0,36204,2025000000,人,64601
0004050397,2025_01,0,36205,2025000000,人,35556
0004050397,2025_01,0,36206,2025000000,人,31561
0004050397,2025_01,0,36207,2025000000,人,25519
0004050397,2025_01,0,36208,2025000000,人,20549
0004050397,2025_01,0,36301,2025000000,人,4260
0004050397,2025_01,0,36302,2025000000,人,1193
0004050397,2025_01,0,36321,2025000000,人,1866
0004050397,2025_01,0,36341,2025000000,人,23646
0004050397,2025_01,0,36342,2025000000,人,4175
0004050397,2025_01,0,36368,2025000000,人,6272
0004050397,2025_01,0,36383,2025000000,人,3142
0004050397,2025_01,0,36387,2025000000,人,5429
0004050397,2025_01,0,36388,2025000000,人,7390
0004050397,2025_01,0,36401,2025000000,人,14093
0004050397,2025_01,0,36402,2025000000,人,22905
0004050397,2025_01,0,36403,2025000000,人,34962
0004050397,2025_01,0,36404,2025000000,人,12424
0004050397,2025_01,0,36405,2025000000,人,10530
0004050397,2025_01,0,36468,2025000000,人,6572
0004050397,2025_01,0,36489,2025000000,人,12726
0004050397,2025_01,0,37000,2025000000,人,907725
0004050397,2025_01,0,37201,2025000000,人,407208
0004050397,2025_01,0,37202,2025000000,人,106801
0004050397,2025_01,0,37203,2025000000,人,47762
0004050397,2025_01,0,37204,2025000000,人,29704
0004050397,2025_01,0,37205,2025000000,人,54423
0004050397,2025_01,0,37206,2025000000,人,42556
0004050397,2025_01,0,37207,2025000000,人,25346
0004050397,2025_01,0,37208,2025000000,人,56371
0004050397,2025_01,0,37322,2025000000,人,11422
0004050397,2025_01,0,37324,2025000000,人,12539
0004050397,2025_01,0,37341,2025000000,人,25790
0004050397,2025_01,0,37364,2025000000,人,2932
0004050397,2025_01,0,37386,2025000000,人,18583
0004050397,2025_01,0,37387,2025000000,人,21416
0004050397,2025_01,0,37403,2025000000,人,7631
0004050397,2025_01,0,37404,2025000000,人,21201
0004050397,2025_01,0,37406,2025000000,人,16040
0004050397,2025_01,0,38000,2025000000,人,1260088
0004050397,2025_01,0,38201,2025000000,人,497041
0004050397,2025_01,0,38202,2025000000,人,141735
0004050397,2025_01,0,38203,2025000000,人,62715
0004050397,2025_01,0,38204,2025000000,人,28473
0004050397,2025_01,0,38205,2025000000,人,108640
0004050397,2025_01,0,38206,2025000000,人,98665
0004050397,2025_01,0,38207,2025000000,人,37365
0004050397,2025_01,0,38210,2025000000,人,33460
0004050397,2025_01,0,38213,2025000000,人,77151
0004050397,2025_01,0,38214,2025000000,人,31551
0004050397,2025_01,0,38215,2025000000,人,32781
0004050397,2025_01,0,38356,2025000000,人,5808
0004050397,2025_01,0,38386,2025000000,人,6301
0004050397,2025_01,0,38401,2025000000,人,29004
0004050397,2025_01,0,38402,2025000000,人,19597
0004050397,2025_01,0,38422,2025000000,人,13724
0004050397,2025_01,0,38442,2025000000,人,7077
0004050397,2025_01,0,38484,2025000000,人,3312
0004050397,2025_01,0,38488,2025000000,人,8638
0004050397,2025_01,0,38506,2025000000,人,17050
0004050397,2025_01,0,39000,2025000000,人,643437
0004050397,2025_01,0,39201,2025000000,人,309383
0004050397,2025_01,0,39202,2025000000,人,9650
0004050397,2025_01,0,39203,2025000000,人,14625
0004050397,2025_01,0,39204,2025000000,人,45413
0004050397,2025_01,0,39205,2025000000,人,23839
0004050397,2025_01,0,39206,2025000000,人,18310
0004050397,2025_01,0,39208,2025000000,人,17239
0004050397,2025_01,0,39209,2025000000,人,10388
0004050397,2025_01,0,39210,2025000000,人,30502
0004050397,2025_01,0,39211,2025000000,人,31293
0004050397,2025_01,0,39212,2025000000,人,24423
0004050397,2025_01,0,39301,2025000000,人,1849
0004050397,2025_01,0,39302,2025000000,人,2724
0004050397,2025_01,0,39303,2025000000,人,2263
0004050397,2025_01,0,39304,2025000000,人,2022
0004050397,2025_01,0,39305,2025000000,人,1090
0004050397,2025_01,0,39306,2025000000,人,649
0004050397,2025_01,0,39307,2025000000,人,3553
0004050397,2025_01,0,39341,2025000000,人,3022
0004050397,2025_01,0,39344,2025000000,人,2761
0004050397,2025_01,0,39363,2025000000,人,3430
0004050397,2025_01,0,39364,2025000000,人,339
0004050397,2025_01,0,39386,2025000000,人,19690
0004050397,2025_01,0,39387,2025000000,人,4015
0004050397,2025_01,0,39401,2025000000,人,5307
0004050397,2025_01,0,39402,2025000000,人,11256
0004050397,2025_01,0,39403,2025000000,人,4430
0004050397,2025_01,0,39405,2025000000,人,2909
0004050397,2025_01,0,39410,2025000000,人,4414
0004050397,2025_01,0,39411,2025000000,人,4676
0004050397,2025_01,0,39412,2025000000,人,13855
0004050397,2025_01,0,39424,2025000000,人,3899
0004050397,2025_01,0,39427,2025000000,人,1274
0004050397,2025_01,0,39428,2025000000,人,8945
0004050397,2025_01,0,40000,2025000000,人,5081879
0004050397,2025_01,0,40100,2025000000,人,904289
0004050397,2025_01,0,40101,2025000000,人,87349
0004050397,2025_01,0,40103,2025000000,人,76576
0004050397,2025_01,0,40105,2025000000,人,54060
0004050397,2025_01,0,40106,2025000000,人,180182
0004050397,2025_01,0,40107,2025000000,人,202764
0004050397,2025_01,0,40108,2025000000,人,60908
0004050397,2025_01,0,40109,2025000000,人,242450
0004050397,2025_01,0,40130,2025000000,人,1663892
0004050397,2025_01,0,40131,2025000000,人,339735
0004050397,2025_01,0,40132,2025000000,人,264220
0004050397,2025_01,0,40133,2025000000,人,216368
0004050397,2025_01,0,40134,2025000000,人,270741
0004050397,2025_01,0,40135,2025000000,人,213621
0004050397,2025_01,0,40136,2025000000,人,134096
0004050397,2025_01,0,40137,2025000000,人,225111
0004050397,2025_01,0,40202,2025000000,人,101941
0004050397,2025_01,0,40203,2025000000,人,296827
0004050397,2025_01,0,40204,2025000000,人,53568
0004050397,2025_01,0,40205,2025000000,人,122329
0004050397,2025_01,0,40206,2025000000,人,44222
0004050397,2025_01,0,40207,2025000000,人,60569
0004050397,2025_01,0,40210,2025000000,人,57350
0004050397,2025_01,0,40211,2025000000,人,47722
0004050397,2025_01,0,40212,2025000000,人,29718
0004050397,2025_01,0,40213,2025000000,人,70037
0004050397,2025_01,0,40214,2025000000,人,22267
0004050397,2025_01,0,40215,2025000000,人,38496
0004050397,2025_01,0,40216,2025000000,人,58652
0004050397,2025_01,0,40217,2025000000,人,105919
0004050397,2025_01,0,40218,2025000000,人,109026
0004050397,2025_01,0,40219,2025000000,人,103496
0004050397,2025_01,0,40220,2025000000,人,97045
0004050397,2025_01,0,40221,2025000000,人,72823
0004050397,2025_01,0,40223,2025000000,人,58350
0004050397,2025_01,0,40224,2025000000,人,69064
0004050397,2025_01,0,40225,2025000000,人,25966
0004050397,2025_01,0,40226,2025000000,人,24109
0004050397,2025_01,0,40227,2025000000,人,31909
0004050397,2025_01,0,40228,2025000000,人,47469
0004050397,2025_01,0,40229,2025000000,人,33029
0004050397,2025_01,0,40230,2025000000,人,100674
0004050397,2025_01,0,40231,2025000000,人,47773
0004050397,2025_01,0,40341,2025000000,人,37239
0004050397,2025_01,0,40342,2025000000,人,31113
0004050397,2025_01,0,40343,2025000000,人,45407
0004050397,2025_01,0,40344,2025000000,人,29070
0004050397,2025_01,0,40345,2025000000,人,32195
0004050397,2025_01,0,40348,2025000000,人,9267
0004050397,2025_01,0,40349,2025000000,人,48506
0004050397,2025_01,0,40381,2025000000,人,12303
0004050397,2025_01,0,40382,2025000000,人,27654
0004050397,2025_01,0,40383,2025000000,人,30583
0004050397,2025_01,0,40384,2025000000,人,18396
0004050397,2025_01,0,40401,2025000000,人,6533
0004050397,2025_01,0,40402,2025000000,人,14022
0004050397,2025_01,0,40421,2025000000,人,12205
0004050397,2025_01,0,40447,2025000000,人,30842
0004050397,2025_01,0,40448,2025000000,人,1618
0004050397,2025_01,0,40503,2025000000,人,15800
0004050397,2025_01,0,40522,2025000000,人,13172
0004050397,2025_01,0,40544,2025000000,人,19264
0004050397,2025_01,0,40601,2025000000,人,9355
0004050397,2025_01,0,40602,2025000000,人,7616
0004050397,2025_01,0,40604,2025000000,人,7566
0004050397,2025_01,0,40605,2025000000,人,13470
0004050397,2025_01,0,40608,2025000000,人,4766
0004050397,2025_01,0,40609,2025000000,人,2495
0004050397,2025_01,0,40610,2025000000,人,19878
0004050397,2025_01,0,40621,2025000000,人,37975
0004050397,2025_01,0,40625,2025000000,人,16750
0004050397,2025_01,0,40642,2025000000,人,6257
0004050397,2025_01,0,40646,2025000000,人,6661
0004050397,2025_01,0,40647,2025000000,人,15370
0004050397,2025_01,0,41000,2025000000,人,781214
0004050397,2025_01,0,41201,2025000000,人,227754
0004050397,2025_01,0,41202,2025000000,人,110211
0004050397,2025_01,0,41203,2025000000,人,74482
0004050397,2025_01,0,41204,2025000000,人,16825
0004050397,2025_01,0,41205,2025000000,人,49756
0004050397,2025_01,0,41206,2025000000,人,45721
0004050397,2025_01,0,41207,2025000000,人,26166
0004050397,2025_01,0,41208,2025000000,人,43126
0004050397,2025_01,0,41209,2025000000,人,24327
0004050397,2025_01,0,41210,2025000000,人,29387
0004050397,2025_01,0,41327,2025000000,人,16290
0004050397,2025_01,0,41341,2025000000,人,17284
0004050397,2025_01,0,41345,2025000000,人,9358
0004050397,2025_01,0,41346,2025000000,人,25499
0004050397,2025_01,0,41387,2025000000,人,4614
0004050397,2025_01,0,41401,2025000000,人,17732
0004050397,2025_01,0,41423,2025000000,人,5741
0004050397,2025_01,0,41424,2025000000,人,9505
0004050397,2025_01,0,41425,2025000000,人,20285
0004050397,2025_01,0,41441,2025000000,人,7151
0004050397,2025_01,0,42000,2025000000,人,1232190
0004050397,2025_01,0,42201,2025000000,人,381738
0004050397,2025_01,0,42202,2025000000,人,226189
0004050397,2025_01,0,42203,2025000000,人,40445
0004050397,2025_01,0,42204,2025000000,人,130267
0004050397,2025_01,0,42205,2025000000,人,97512
0004050397,2025_01,0,42207,2025000000,人,26412
0004050397,2025_01,0,42208,2025000000,人,19325
0004050397,2025_01,0,42209,2025000000,人,25316
0004050397,2025_01,0,42210,2025000000,人,22363
0004050397,2025_01,0,42211,2025000000,人,31456
0004050397,2025_01,0,42212,2025000000,人,23482
0004050397,2025_01,0,42213,2025000000,人,38226
0004050397,2025_01,0,42214,2025000000,人,37344
0004050397,2025_01,0,42307,2025000000,人,38734
0004050397,2025_01,0,42308,2025000000,人,28966
0004050397,2025_01,0,42321,2025000000,人,7125
0004050397,2025_01,0,42322,2025000000,人,12325
0004050397,2025_01,0,42323,2025000000,人,13713
0004050397,2025_01,0,42383,2025000000,人,2018
0004050397,2025_01,0,42391,2025000000,人,13710
0004050397,2025_01,0,42411,2025000000,人,15524
0004050397,2025_01,0,43000,2025000000,人,1678090
0004050397,2025_01,0,43100,2025000000,人,730854
0004050397,2025_01,0,43101,2025000000,人,185413
0004050397,2025_01,0,43102,2025000000,人,189030
0004050397,2025_01,0,43103,2025000000,人,89598
0004050397,2025_01,0,43104,2025000000,人,131743
0004050397,2025_01,0,43105,2025000000,人,135070
0004050397,2025_01,0,43202,2025000000,人,115453
0004050397,2025_01,0,43203,2025000000,人,28803
0004050397,2025_01,0,43204,2025000000,人,47347
0004050397,2025_01,0,43205,2025000000,人,20806
0004050397,2025_01,0,43206,2025000000,人,60562
0004050397,2025_01,0,43208,2025000000,人,45561
0004050397,2025_01,0,43210,2025000000,人,44764
0004050397,2025_01,0,43211,2025000000,人,34526
0004050397,2025_01,0,43212,2025000000,人,21404
0004050397,2025_01,0,43213,2025000000,人,54556
0004050397,2025_01,0,43214,2025000000,人,22959
0004050397,2025_01,0,43215,2025000000,人,68105
0004050397,2025_01,0,43216,2025000000,人,64344
0004050397,2025_01,0,43348,2025000000,人,8035
0004050397,2025_01,0,43364,2025000000,人,4862
0004050397,2025_01,0,43367,2025000000,人,8045
0004050397,2025_01,0,43368,2025000000,人,14531
0004050397,2025_01,0,43369,2025000000,人,8477
0004050397,2025_01,0,43403,2025000000,人,36941
0004050397,2025_01,0,43404,2025000000,人,44548
0004050397,2025_01,0,43423,2025000000,人,3444
0004050397,2025_01,0,43424,2025000000,人,5880
0004050397,2025_01,0,43425,2025000000,人,1195
0004050397,2025_01,0,43428,2025000000,人,5367
0004050397,2025_01,0,43432,2025000000,人,6852
0004050397,2025_01,0,43433,2025000000,人,9172
0004050397,2025_01,0,43441,2025000000,人,16574
0004050397,2025_01,0,43442,2025000000,人,10104
0004050397,2025_01,0,43443,2025000000,人,33542
0004050397,2025_01,0,43444,2025000000,人,9450
0004050397,2025_01,0,43447,2025000000,人,11670
0004050397,2025_01,0,43468,2025000000,人,9984
0004050397,2025_01,0,43482,2025000000,人,13880
0004050397,2025_01,0,43484,2025000000,人,3827
0004050397,2025_01,0,43501,2025000000,人,9617
0004050397,2025_01,0,43505,2025000000,人,7876
0004050397,2025_01,0,43506,2025000000,人,3254
0004050397,2025_01,0,43507,2025000000,人,1782
0004050397,2025_01,0,43510,2025000000,人,3774
0004050397,2025_01,0,43511,2025000000,人,810
0004050397,2025_01,0,43512,2025000000,人,2922
0004050397,2025_01,0,43513,2025000000,人,2266
0004050397,2025_01,0,43514,2025000000,人,13201
0004050397,2025_01,0,43531,2025000000,人,6164
0004050397,2025_01,0,44000,2025000000,人,1076875
0004050397,2025_01,0,44201,2025000000,人,470172
0004050397,2025_01,0,44202,2025000000,人,112267
0004050397,2025_01,0,44203,2025000000,人,80169
0004050397,2025_01,0,44204,2025000000,人,57943
0004050397,2025_01,0,44205,2025000000,人,60692
0004050397,2025_01,0,44206,2025000000,人,32729
0004050397,2025_01,0,44207,2025000000,人,14057
0004050397,2025_01,0,44208,2025000000,人,17696
0004050397,2025_01,0,44209,2025000000,人,21277
0004050397,2025_01,0,44210,2025000000,人,25281
0004050397,2025_01,0,44211,2025000000,人,49040
0004050397,2025_01,0,44212,2025000000,人,30504
0004050397,2025_01,0,44213,2025000000,人,32612
0004050397,2025_01,0,44214,2025000000,人,23676
0004050397,2025_01,0,44322,2025000000,人,1503
0004050397,2025_01,0,44341,2025000000,人,26954
0004050397,2025_01,0,44461,2025000000,人,7463
0004050397,2025_01,0,44462,2025000000,人,12840
0004050397,2025_01,0,45000,2025000000,人,1018904
0004050397,2025_01,0,45201,2025000000,人,389799
0004050397,2025_01,0,45202,2025000000,人,160340
0004050397,2025_01,0,45203,2025000000,人,109589
0004050397,2025_01,0,45204,2025000000,人,45895
0004050397,2025_01,0,45205,2025000000,人,40132
0004050397,2025_01,0,45206,2025000000,人,56066
0004050397,2025_01,0,45207,2025000000,人,14781
0004050397,2025_01,0,45208,2025000000,人,26586
0004050397,2025_01,0,45209,2025000000,人,15607
0004050397,2025_01,0,45341,2025000000,人,24978
0004050397,2025_01,0,45361,2025000000,人,7703
0004050397,2025_01,0,45382,2025000000,人,17547
0004050397,2025_01,0,45383,2025000000,人,6491
0004050397,2025_01,0,45401,2025000000,人,18680
0004050397,2025_01,0,45402,2025000000,人,15792
0004050397,2025_01,0,45403,2025000000,人,893
0004050397,2025_01,0,45404,2025000000,人,4465
0004050397,2025_01,0,45405,2025000000,人,14015
0004050397,2025_01,0,45406,2025000000,人,9353
0004050397,2025_01,0,45421,2025000000,人,16158
0004050397,2025_01,0,45429,2025000000,人,1257
0004050397,2025_01,0,45430,2025000000,人,2179
0004050397,2025_01,0,45431,2025000000,人,4091
0004050397,2025_01,0,45441,2025000000,人,10375
0004050397,2025_01,0,45442,2025000000,人,3118
0004050397,2025_01,0,45443,2025000000,人,3014
0004050397,2025_01,0,46000,2025000000,人,1512969
0004050397,2025_01,0,46201,2025000000,人,580970
0004050397,2025_01,0,46203,2025000000,人,96073
0004050397,2025_01,0,46204,2025000000,人,17948
0004050397,2025_01,0,46206,2025000000,人,17289
0004050397,2025_01,0,46208,2025000000,人,49506
0004050397,2025_01,0,46210,2025000000,人,35839
0004050397,2025_01,0,46213,2025000000,人,14186
0004050397,2025_01,0,46214,2025000000,人,12251
0004050397,2025_01,0,46215,2025000000,人,87673
0004050397,2025_01,0,46216,2025000000,人,45021
0004050397,2025_01,0,46217,2025000000,人,29861
0004050397,2025_01,0,46218,2025000000,人,120429
0004050397,2025_01,0,46219,2025000000,人,25422
0004050397,2025_01,0,46220,2025000000,人,30087
0004050397,2025_01,0,46221,2025000000,人,27122
0004050397,2025_01,0,46222,2025000000,人,38416
0004050397,2025_01,0,46223,2025000000,人,29901
0004050397,2025_01,0,46224,2025000000,人,21397
0004050397,2025_01,0,46225,2025000000,人,76919
0004050397,2025_01,0,46303,2025000000,人,363
0004050397,2025_01,0,46304,2025000000,人,641
0004050397,2025_01,0,46392,2025000000,人,17580
0004050397,2025_01,0,46404,2025000000,人,8648
0004050397,2025_01,0,46452,2025000000,人,8297
0004050397,2025_01,0,46468,2025000000,人,11188
0004050397,2025_01,0,46482,2025000000,人,5890
0004050397,2025_01,0,46490,2025000000,人,5753
0004050397,2025_01,0,46491,2025000000,人,5352
0004050397,2025_01,0,46492,2025000000,人,12783
0004050397,2025_01,0,46501,2025000000,人,6843
0004050397,2025_01,0,46502,2025000000,人,4968
0004050397,2025_01,0,46505,2025000000,人,10707
0004050397,2025_01,0,46523,2025000000,人,1290
0004050397,2025_01,0,46524,2025000000,人,1550
0004050397,2025_01,0,46525,2025000000,人,7652
0004050397,2025_01,0,46527,2025000000,人,5683
0004050397,2025_01,0,46529,2025000000,人,5997
0004050397,2025_01,0,46530,2025000000,人,9288
0004050397,2025_01,0,46531,2025000000,人,5199
0004050397,2025_01,0,46532,2025000000,人,5407
0004050397,2025_01,0,46533,2025000000,人,5635
0004050397,2025_01,0,46534,2025000000,人,5120
0004050397,2025_01,0,46535,2025000000,人,4825
0004050397,2025_01,0,47000,2025000000,人,1468220
0004050397,2025_01,0,47201,2025000000,人,311073
0004050397,2025_01,0,47205,2025000000,人,100158
0004050397,2025_01,0,47207,2025000000,人,47735
0004050397,2025_01,0,47208,2025000000,人,115716
0004050397,2025_01,0,47209,2025000000,人,66084
0004050397,2025_01,0,47210,2025000000,人,60664
0004050397,2025_01,0,47211,2025000000,人,141894
0004050397,2025_01,0,47212,2025000000,人,65669
0004050397,2025_01,0,47213,2025000000,人,128437
0004050397,2025_01,0,47214,2025000000,人,52012
0004050397,2025_01,0,47215,2025000000,人,45350
0004050397,2025_01,0,47301,2025000000,人,4131
0004050397,2025_01,0,47302,2025000000,人,2842
0004050397,2025_01,0,47303,2025000000,人,1512
0004050397,2025_01,0,47306,2025000000,人,8761
0004050397,2025_01,0,47308,2025000000,人,11825
0004050397,2025_01,0,47311,2025000000,人,11215
0004050397,2025_01,0,47313,2025000000,人,6319
0004050397,2025_01,0,47314,2025000000,人,11152
0004050397,2025_01,0,47315,2025000000,人,3727
0004050397,2025_01,0,47324,2025000000,人,41532
0004050397,2025_01,0,47325,2025000000,人,13229
0004050397,2025_01,0,47326,2025000000,人,28436
0004050397,2025_01,0,47327,2025000000,人,18052
0004050397,2025_01,0,47328,2025000000,人,22910
0004050397,2025_01,0,47329,2025000000,人,35280
0004050397,2025_01,0,47348,2025000000,人,19267
0004050397,2025_01,0,47350,2025000000,人,41513
0004050397,2025_01,0,47353,2025000000,人,621
0004050397,2025_01,0,47354,2025000000,人,830
0004050397,2025_01,0,47355,2025000000,人,612
0004050397,2025_01,0,47356,2025000000,人,234
0004050397,2025_01,0,47357,2025000000,人,1172
0004050397,2025_01,0,47358,2025000000,人,560
0004050397,2025_01,0,47359,2025000000,人,1050
0004050397,2025_01,0,47360,2025000000,人,1130
0004050397,2025_01,0,47361,2025000000,人,6417
0004050397,2025_01,0,47362,2025000000,人,32688
0004050397,2025_01,0,47375,2025000000,人,938
0004050397,2025_01,0,47381,2025000000,人,3963
0004050397,2025_01,0,47382,2025000000,人,1510
0004050397,2025_01,1,00000,2025000000,人,59778826
0004050397,2025_01,1,01000,2025000000,人,2355629
0004050397,2025_01,1,01100,2025000000,人,914867
0004050397,2025_01,1,01101,2025000000,人,116592
0004050397,2025_01,1,01102,2025000000,人,135387
0004050397,2025_01,1,01103,2025000000,人,124247
0004050397,2025_01,1,01104,2025000000,人,99579
0004050397,2025_01,1,01105,2025000000,人,106835
0004050397,2025_01,1,01106,2025000000,人,61143
0004050397,2025_01,1,01107,2025000000,人,100211
0004050397,2025_01,1,01108,2025000000,人,55070
0004050397,2025_01,1,01109,2025000000,人,65052
0004050397,2025_01,1,01110,2025000000,人,50751
0004050397,2025_01,1,01202,2025000000,人,104553
0004050397,2025_01,1,01203,2025000000,人,45265
0004050397,2025_01,1,01204,2025000000,人,140451
0004050397,2025_01,1,01205,2025000000,人,36408
0004050397,2025_01,1,01206,2025000000,人,70765
0004050397,2025_01,1,01207,2025000000,人,76654
0004050397,2025_01,1,01208,2025000000,人,51918
0004050397,2025_01,1,01209,2025000000,人,2634
0004050397,2025_01,1,01210,2025000000,人,33971
0004050397,2025_01,1,01211,2025000000,人,16354
0004050397,2025_01,1,01212,2025000000,人,8443
0004050397,2025_01,1,01213,2025000000,人,81145
0004050397,2025_01,1,01214,2025000000,人,14942
0004050397,2025_01,1,01215,2025000000,人,8370
0004050397,2025_01,1,01216,2025000000,人,4930
0004050397,2025_01,1,01217,2025000000,人,56798
0004050397,2025_01,1,01218,2025000000,人,3750
0004050397,2025_01,1,01219,2025000000,人,9077
0004050397,2025_01,1,01220,2025000000,人,7513
0004050397,2025_01,1,01221,2025000000,人,11857
0004050397,2025_01,1,01222,2025000000,人,3217
0004050397,2025_01,1,01223,2025000000,人,10050
0004050397,2025_01,1,01224,2025000000,人,50072
0004050397,2025_01,1,01225,2025000000,人,16968
0004050397,2025_01,1,01226,2025000000,人,6943
0004050397,2025_01,1,01227,2025000000,人,1168
0004050397,2025_01,1,01228,2025000000,人,8167
0004050397,2025_01,1,01229,2025000000,人,9100
0004050397,2025_01,1,01230,2025000000,人,19941
0004050397,2025_01,1,01231,2025000000,人,34449
0004050397,2025_01,1,01233,2025000000,人,13816
0004050397,2025_01,1,01234,2025000000,人,26533
0004050397,2025_01,1,01235,2025000000,人,26777
0004050397,2025_01,1,01236,2025000000,人,18980
0004050397,2025_01,1,01303,2025000000,人,7272
0004050397,2025_01,1,01304,2025000000,人,1341
0004050397,2025_01,1,01331,2025000000,人,2420
0004050397,2025_01,1,01332,2025000000,人,1487
0004050397,2025_01,1,01333,2025000000,人,1810
0004050397,2025_01,1,01334,2025000000,人,1510
0004050397,2025_01,1,01337,2025000000,人,12532
0004050397,2025_01,1,01343,2025000000,人,1579
0004050397,2025_01,1,01345,2025000000,人,5938
0004050397,2025_01,1,01346,2025000000,人,7495
0004050397,2025_01,1,01347,2025000000,人,2939
0004050397,2025_01,1,01361,2025000000,人,2994
0004050397,2025_01,1,01362,2025000000,人,1676
0004050397,2025_01,1,01363,2025000000,人,1487
0004050397,2025_01,1,01364,2025000000,人,1345
0004050397,2025_01,1,01367,2025000000,人,1087
0004050397,2025_01,1,01370,2025000000,人,2139
0004050397,2025_01,1,01371,2025000000,人,3002
0004050397,2025_01,1,01391,2025000000,人,590
0004050397,2025_01,1,01392,2025000000,人,1233
0004050397,2025_01,1,01393,2025000000,人,1374
0004050397,2025_01,1,01394,2025000000,人,2114
0004050397,2025_01,1,01395,2025000000,人,2771
0004050397,2025_01,1,01396,2025000000,人,1031
0004050397,2025_01,1,01397,2025000000,人,969
0004050397,2025_01,1,01398,2025000000,人,1064
0004050397,2025_01,1,01399,2025000000,人,1382
0004050397,2025_01,1,01400,2025000000,人,7967
0004050397,2025_01,1,01401,2025000000,人,3463
0004050397,2025_01,1,01402,2025000000,人,5054
0004050397,2025_01,1,01403,2025000000,人,803
0004050397,2025_01,1,01404,2025000000,人,389
0004050397,2025_01,1,01405,2025000000,人,711
0004050397,2025_01,1,01406,2025000000,人,1146
0004050397,2025_01,1,01407,2025000000,人,1559
0004050397,2025_01,1,01408,2025000000,人,7666
0004050397,2025_01,1,01409,2025000000,人,574
0004050397,2025_01,1,01423,2025000000,人,3787
0004050397,2025_01,1,01424,2025000000,人,2137
0004050397,2025_01,1,01425,2025000000,人,1093
0004050397,2025_01,1,01427,2025000000,人,2062
0004050397,2025_01,1,01428,2025000000,人,4500
0004050397,2025_01,1,01429,2025000000,人,4828
0004050397,2025_01,1,01430,2025000000,人,1706
0004050397,2025_01,1,01431,2025000000,人,747
0004050397,2025_01,1,01432,2025000000,人,2828
0004050397,2025_01,1,01433,2025000000,人,1097
0004050397,2025_01,1,01434,2025000000,人,985
0004050397,2025_01,1,01436,2025000000,人,1031
0004050397,2025_01,1,01437,2025000000,人,737
0004050397,2025_01,1,01438,2025000000,人,1292
0004050397,2025_01,1,01452,2025000000,人,2928
0004050397,2025_01,1,01453,2025000000,人,4469
0004050397,2025_01,1,01454,2025000000,人,2688
0004050397,2025_01,1,01455,2025000000,人,1560
0004050397,2025_01,1,01456,2025000000,人,1089
0004050397,2025_01,1,01457,2025000000,人,1521
0004050397,2025_01,1,01458,2025000000,人,4055
0004050397,2025_01,1,01459,2025000000,人,4335
0004050397,2025_01,1,01460,2025000000,人,4643
0004050397,2025_01,1,01461,2025000000,人,2008
0004050397,2025_01,1,01462,2025000000,人,1137
0004050397,2025_01,1,01463,2025000000,人,777
0004050397,2025_01,1,01464,2025000000,人,1268
0004050397,2025_01,1,01465,2025000000,人,1298
0004050397,2025_01,1,01468,2025000000,人,1330
0004050397,2025_01,1,01469,2025000000,人,1783
0004050397,2025_01,1,01470,2025000000,人,321
0004050397,2025_01,1,01471,2025000000,人,650
0004050397,2025_01,1,01472,2025000000,人,605
0004050397,2025_01,1,01481,2025000000,人,1521
0004050397,2025_01,1,01482,2025000000,人,1244
0004050397,2025_01,1,01483,2025000000,人,1261
0004050397,2025_01,1,01484,2025000000,人,2762
0004050397,2025_01,1,01485,2025000000,人,472
0004050397,2025_01,1,01486,2025000000,人,1065
0004050397,2025_01,1,01487,2025000000,人,1327
0004050397,2025_01,1,01511,2025000000,人,1213
0004050397,2025_01,1,01512,2025000000,人,1468
0004050397,2025_01,1,01513,2025000000,人,709
0004050397,2025_01,1,01514,2025000000,人,3377
0004050397,2025_01,1,01516,2025000000,人,1782
0004050397,2025_01,1,01517,2025000000,人,1136
0004050397,2025_01,1,01518,2025000000,人,888
0004050397,2025_01,1,01519,2025000000,人,1033
0004050397,2025_01,1,01520,2025000000,人,1083
0004050397,2025_01,1,01543,2025000000,人,8156
0004050397,2025_01,1,01544,2025000000,人,1882
0004050397,2025_01,1,01545,2025000000,人,5309
0004050397,2025_01,1,01546,2025000000,人,1758
0004050397,2025_01,1,01547,2025000000,人,2022
0004050397,2025_01,1,01549,2025000000,人,2044
0004050397,2025_01,1,01550,2025000000,人,1150
0004050397,2025_01,1,01552,2025000000,人,1993
0004050397,2025_01,1,01555,2025000000,人,8276
0004050397,2025_01,1,01559,2025000000,人,3621
0004050397,2025_01,1,01560,2025000000,人,1029
0004050397,2025_01,1,01561,2025000000,人,1677
0004050397,2025_01,1,01562,2025000000,人,463
0004050397,2025_01,1,01563,2025000000,人,1853
0004050397,2025_01,1,01564,2025000000,人,3026
0004050397,2025_01,1,01571,2025000000,人,1614
0004050397,2025_01,1,01575,2025000000,人,1138
0004050397,2025_01,1,01578,2025000000,人,6945
0004050397,2025_01,1,01581,2025000000,人,2154
0004050397,2025_01,1,01584,2025000000,人,3575
0004050397,2025_01,1,01585,2025000000,人,3439
0004050397,2025_01,1,01586,2025000000,人,3600
0004050397,2025_01,1,01601,2025000000,人,5368
0004050397,2025_01,1,01602,2025000000,人,2144
0004050397,2025_01,1,01604,2025000000,人,2379
0004050397,2025_01,1,01607,2025000000,人,5702
0004050397,2025_01,1,01608,2025000000,人,1782
0004050397,2025_01,1,01609,2025000000,人,1886
0004050397,2025_01,1,01610,2025000000,人,9620
0004050397,2025_01,1,01631,2025000000,人,19831
0004050397,2025_01,1,01632,2025000000,人,2662
0004050397,2025_01,1,01633,2025000000,人,2211
0004050397,2025_01,1,01634,2025000000,人,2375
0004050397,2025_01,1,01635,2025000000,人,2620
0004050397,2025_01,1,01636,2025000000,人,4164
0004050397,2025_01,1,01637,2025000000,人,8195
0004050397,2025_01,1,01638,2025000000,人,1869
0004050397,2025_01,1,01639,2025000000,人,1485
0004050397,2025_01,1,01641,2025000000,人,2621
0004050397,2025_01,1,01642,2025000000,人,2669
0004050397,2025_01,1,01643,2025000000,人,11368
0004050397,2025_01,1,01644,2025000000,人,2654
0004050397,2025_01,1,01645,2025000000,人,1324
0004050397,2025_01,1,01646,2025000000,人,2791
0004050397,2025_01,1,01647,2025000000,人,2777
0004050397,2025_01,1,01648,2025000000,人,1003
0004050397,2025_01,1,01649,2025000000,人,1882
0004050397,2025_01,1,01661,2025000000,人,8392
0004050397,2025_01,1,01662,2025000000,人,3752
0004050397,2025_01,1,01663,2025000000,人,2538
0004050397,2025_01,1,01664,2025000000,人,3225
0004050397,2025_01,1,01665,2025000000,人,3009
0004050397,2025_01,1,01667,2025000000,人,1189
0004050397,2025_01,1,01668,2025000000,人,3114
0004050397,2025_01,1,01691,2025000000,人,6838
0004050397,2025_01,1,01692,2025000000,人,10811
0004050397,2025_01,1,01693,2025000000,人,2230
0004050397,2025_01,1,01694,2025000000,人,2030
0004050397,2025_01,1,02000,2025000000,人,539425
0004050397,2025_01,1,02201,2025000000,人,119994
0004050397,2025_01,1,02202,2025000000,人,71586
0004050397,2025_01,1,02203,2025000000,人,97893
0004050397,2025_01,1,02204,2025000000,人,13417
0004050397,2025_01,1,02205,2025000000,人,21512
0004050397,2025_01,1,02206,2025000000,人,26958
0004050397,2025_01,1,02207,2025000000,人,18943
0004050397,2025_01,1,02208,2025000000,人,24189
0004050397,2025_01,1,02209,2025000000,人,12522
0004050397,2025_01,1,02210,2025000000,人,13394
0004050397,2025_01,1,02301,2025000000,人,4329
0004050397,2025_01,1,02303,2025000000,人,883
0004050397,2025_01,1,02304,2025000000,人,1078
0004050397,2025_01,1,02307,2025000000,人,2135
0004050397,2025_01,1,02321,2025000000,人,3574
0004050397,2025_01,1,02323,2025000000,人,2926
0004050397,2025_01,1,02343,2025000000,人,520
0004050397,2025_01,1,02361,2025000000,人,6587
0004050397,2025_01,1,02362,2025000000,人,3459
0004050397,2025_01,1,02367,2025000000,人,3229
0004050397,2025_01,1,02381,2025000000,人,5253
0004050397,2025_01,1,02384,2025000000,人,4950
0004050397,2025_01,1,02387,2025000000,人,3727
0004050397,2025_01,1,02401,2025000000,人,5291
0004050397,2025_01,1,02402,2025000000,人,6265
0004050397,2025_01,1,02405,2025000000,人,4913
0004050397,2025_01,1,02406,2025000000,人,1897
0004050397,2025_01,1,02408,2025000000,人,7124
0004050397,2025_01,1,02411,2025000000,人,6405
0004050397,2025_01,1,02412,2025000000,人,11379
0004050397,2025_01,1,02423,2025000000,人,2053
0004050397,2025_01,1,02424,2025000000,人,2799
0004050397,2025_01,1,02425,2025000000,人,659
0004050397,2025_01,1,02426,2025000000,人,745
0004050397,2025_01,1,02441,2025000000,人,3777
0004050397,2025_01,1,02442,2025000000,人,6867
0004050397,2025_01,1,02443,2025000000,人,2084
0004050397,2025_01,1,02445,2025000000,人,7135
0004050397,2025_01,1,02446,2025000000,人,6067
0004050397,2025_01,1,02450,2025000000,人,907
0004050397,2025_01,1,03000,2025000000,人,543567
0004050397,2025_01,1,03201,2025000000,人,131895
0004050397,2025_01,1,03202,2025000000,人,21301
0004050397,2025_01,1,03203,2025000000,人,14596
0004050397,2025_01,1,03205,2025000000,人,41740
0004050397,2025_01,1,03206,2025000000,人,46436
0004050397,2025_01,1,03207,2025000000,人,14209
0004050397,2025_01,1,03208,2025000000,人,10924
0004050397,2025_01,1,03209,2025000000,人,49716
0004050397,2025_01,1,03210,2025000000,人,7815
0004050397,2025_01,1,03211,2025000000,人,13442
0004050397,2025_01,1,03213,2025000000,人,10856
0004050397,2025_01,1,03214,2025000000,人,10570
0004050397,2025_01,1,03215,2025000000,人,50587
0004050397,2025_01,1,03216,2025000000,人,26181
0004050397,2025_01,1,03301,2025000000,人,6842
0004050397,2025_01,1,03302,2025000000,人,2377
0004050397,2025_01,1,03303,2025000000,人,5262
0004050397,2025_01,1,03321,2025000000,人,15110
0004050397,2025_01,1,03322,2025000000,人,12942
0004050397,2025_01,1,03366,2025000000,人,2059
0004050397,2025_01,1,03381,2025000000,人,7905
0004050397,2025_01,1,03402,2025000000,人,3091
0004050397,2025_01,1,03441,2025000000,人,2134
0004050397,2025_01,1,03461,2025000000,人,4660
0004050397,2025_01,1,03482,2025000000,人,6165
0004050397,2025_01,1,03483,2025000000,人,3670
0004050397,2025_01,1,03484,2025000000,人,1320
0004050397,2025_01,1,03485,2025000000,人,1048
0004050397,2025_01,1,03501,2025000000,人,3598
0004050397,2025_01,1,03503,2025000000,人,1714
0004050397,2025_01,1,03506,2025000000,人,2241
0004050397,2025_01,1,03507,2025000000,人,6309
0004050397,2025_01,1,03524,2025000000,人,4852
0004050397,2025_01,1,04000,2025000000,人,1083435
0004050397,2025_01,1,04100,2025000000,人,529740
0004050397,2025_01,1,04101,2025000000,人,152822
0004050397,2025_01,1,04102,2025000000,人,94348
0004050397,2025_01,1,04103,2025000000,人,70241
0004050397,2025_01,1,04104,2025000000,人,114061
0004050397,2025_01,1,04105,2025000000,人,98268
0004050397,2025_01,1,04202,2025000000,人,62308
0004050397,2025_01,1,04203,2025000000,人,23694
0004050397,2025_01,1,04205,2025000000,人,26058
0004050397,2025_01,1,04206,2025000000,人,14388
0004050397,2025_01,1,04207,2025000000,人,38491
0004050397,2025_01,1,04208,2025000000,人,12603
0004050397,2025_01,1,04209,2025000000,人,30457
0004050397,2025_01,1,04211,2025000000,人,20801
0004050397,2025_01,1,04212,2025000000,人,33826
0004050397,2025_01,1,04213,2025000000,人,28253
0004050397,2025_01,1,04214,2025000000,人,18079
0004050397,2025_01,1,04215,2025000000,人,58339
0004050397,2025_01,1,04216,2025000000,人,25160
0004050397,2025_01,1,04301,2025000000,人,4884
0004050397,2025_01,1,04302,2025000000,人,559
0004050397,2025_01,1,04321,2025000000,人,11284
0004050397,2025_01,1,04322,2025000000,人,4764
0004050397,2025_01,1,04323,2025000000,人,18525
0004050397,2025_01,1,04324,2025000000,人,3717
0004050397,2025_01,1,04341,2025000000,人,5515
0004050397,2025_01,1,04361,2025000000,人,15692
0004050397,2025_01,1,04362,2025000000,人,5524
0004050397,2025_01,1,04401,2025000000,人,5943
0004050397,2025_01,1,04404,2025000000,人,8276
0004050397,2025_01,1,04406,2025000000,人,16935
0004050397,2025_01,1,04421,2025000000,人,14685
0004050397,2025_01,1,04422,2025000000,人,3555
0004050397,2025_01,1,04424,2025000000,人,2721
0004050397,2025_01,1,04444,2025000000,人,2899
0004050397,2025_01,1,04445,2025000000,人,9847
0004050397,2025_01,1,04501,2025000000,人,6793
0004050397,2025_01,1,04505,2025000000,人,10785
0004050397,2025_01,1,04581,2025000000,人,3047
0004050397,2025_01,1,04606,2025000000,人,5288
0004050397,2025_01,1,05000,2025000000,人,417188
0004050397,2025_01,1,05201,2025000000,人,138328
0004050397,2025_01,1,05202,2025000000,人,21082
0004050397,2025_01,1,05203,2025000000,人,36780
0004050397,2025_01,1,05204,2025000000,人,29868
0004050397,2025_01,1,05206,2025000000,人,10227
0004050397,2025_01,1,05207,2025000000,人,18057
0004050397,2025_01,1,05209,2025000000,人,12175
0004050397,2025_01,1,05210,2025000000,人,33782
0004050397,2025_01,1,05211,2025000000,人,14265
0004050397,2025_01,1,05212,2025000000,人,33100
0004050397,2025_01,1,05213,2025000000,人,12496
0004050397,2025_01,1,05214,2025000000,人,10281
0004050397,2025_01,1,05215,2025000000,人,9987
0004050397,2025_01,1,05303,2025000000,人,1980
0004050397,2025_01,1,05327,2025000000,人,836
0004050397,2025_01,1,05346,2025000000,人,1214
0004050397,2025_01,1,05348,2025000000,人,6043
0004050397,2025_01,1,05349,2025000000,人,2647
0004050397,2025_01,1,05361,2025000000,人,3415
0004050397,2025_01,1,05363,2025000000,人,2243
0004050397,2025_01,1,05366,2025000000,人,1869
0004050397,2025_01,1,05368,2025000000,人,1388
0004050397,2025_01,1,05434,2025000000,人,7934
0004050397,2025_01,1,05463,2025000000,人,5955
0004050397,2025_01,1,05464,2025000000,人,1236
0004050397,2025_01,1,06000,2025000000,人,482096
0004050397,2025_01,1,06201,2025000000,人,113187
0004050397,2025_01,1,06202,2025000000,人,37835
0004050397,2025_01,1,06203,2025000000,人,54625
0004050397,2025_01,1,06204,2025000000,人,44347
0004050397,2025_01,1,06205,2025000000,人,15180
0004050397,2025_01,1,06206,2025000000,人,18578
0004050397,2025_01,1,06207,2025000000,人,12825
0004050397,2025_01,1,06208,2025000000,人,9904
0004050397,2025_01,1,06209,2025000000,人,12120
0004050397,2025_01,1,06210,2025000000,人,29076
0004050397,2025_01,1,06211,2025000000,人,23409
0004050397,2025_01,1,06212,2025000000,人,6301
0004050397,2025_01,1,06213,2025000000,人,13505
0004050397,2025_01,1,06301,2025000000,人,6261
0004050397,2025_01,1,06302,2025000000,人,4913
0004050397,2025_01,1,06321,2025000000,人,7867
0004050397,2025_01,1,06322,2025000000,人,2069
0004050397,2025_01,1,06323,2025000000,人,2717
0004050397,2025_01,1,06324,2025000000,人,3352
0004050397,2025_01,1,06341,2025000000,人,2771
0004050397,2025_01,1,06361,2025000000,人,2165
0004050397,2025_01,1,06362,2025000000,人,3413
0004050397,2025_01,1,06363,2025000000,人,2188
0004050397,2025_01,1,06364,2025000000,人,2942
0004050397,2025_01,1,06365,2025000000,人,1264
0004050397,2025_01,1,06366,2025000000,人,1664
0004050397,2025_01,1,06367,2025000000,人,1684
0004050397,2025_01,1,06381,2025000000,人,10047
0004050397,2025_01,1,06382,2025000000,人,6348
0004050397,2025_01,1,06401,2025000000,人,3128
0004050397,2025_01,1,06402,2025000000,人,5753
0004050397,2025_01,1,06403,2025000000,人,2883
0004050397,2025_01,1,06426,2025000000,人,3488
0004050397,2025_01,1,06428,2025000000,人,8802
0004050397,2025_01,1,06461,2025000000,人,5485
0004050397,2025_01,1,07000,2025000000,人,841458
0004050397,2025_01,1,07201,2025000000,人,129062
0004050397,2025_01,1,07202,2025000000,人,52325
0004050397,2025_01,1,07203,2025000000,人,154281
0004050397,2025_01,1,07204,2025000000,人,149510
0004050397,2025_01,1,07205,2025000000,人,27650
0004050397,2025_01,1,07207,2025000000,人,34862
0004050397,2025_01,1,07208,2025000000,人,20108
0004050397,2025_01,1,07209,2025000000,人,16008
0004050397,2025_01,1,07210,2025000000,人,24221
0004050397,2025_01,1,07211,2025000000,人,15795
0004050397,2025_01,1,07212,2025000000,人,27190
0004050397,2025_01,1,07213,2025000000,人,26372
0004050397,2025_01,1,07214,2025000000,人,14591
0004050397,2025_01,1,07301,2025000000,人,5204
0004050397,2025_01,1,07303,2025000000,人,3679
0004050397,2025_01,1,07308,2025000000,人,5365
0004050397,2025_01,1,07322,2025000000,人,4430
0004050397,2025_01,1,07342,2025000000,人,5909
0004050397,2025_01,1,07344,2025000000,人,2426
0004050397,2025_01,1,07362,2025000000,人,2220
0004050397,2025_01,1,07364,2025000000,人,240
0004050397,2025_01,1,07367,2025000000,人,1734
0004050397,2025_01,1,07368,2025000000,人,6235
0004050397,2025_01,1,07402,2025000000,人,1103
0004050397,2025_01,1,07405,2025000000,人,2486
0004050397,2025_01,1,07407,2025000000,人,1490
0004050397,2025_01,1,07408,2025000000,人,5863
0004050397,2025_01,1,07421,2025000000,人,6571
0004050397,2025_01,1,07422,2025000000,人,1365
0004050397,2025_01,1,07423,2025000000,人,1309
0004050397,2025_01,1,07444,2025000000,人,617
0004050397,2025_01,1,07445,2025000000,人,802
0004050397,2025_01,1,07446,2025000000,人,526
0004050397,2025_01,1,07447,2025000000,人,8309
0004050397,2025_01,1,07461,2025000000,人,10640
0004050397,2025_01,1,07464,2025000000,人,2893
0004050397,2025_01,1,07465,2025000000,人,2214
0004050397,2025_01,1,07466,2025000000,人,8132
0004050397,2025_01,1,07481,2025000000,人,5911
0004050397,2025_01,1,07482,2025000000,人,2319
0004050397,2025_01,1,07483,2025000000,人,3657
0004050397,2025_01,1,07484,2025000000,人,1335
0004050397,2025_01,1,07501,2025000000,人,6680
0004050397,2025_01,1,07502,2025000000,人,2839
0004050397,2025_01,1,07503,2025000000,人,2611
0004050397,2025_01,1,07504,2025000000,人,2710
0004050397,2025_01,1,07505,2025000000,人,2067
0004050397,2025_01,1,07521,2025000000,人,7807
0004050397,2025_01,1,07522,2025000000,人,4136
0004050397,2025_01,1,07541,2025000000,人,2783
0004050397,2025_01,1,07542,2025000000,人,2703
0004050397,2025_01,1,07543,2025000000,人,1871
0004050397,2025_01,1,07544,2025000000,人,853
0004050397,2025_01,1,07545,2025000000,人,1144
0004050397,2025_01,1,07546,2025000000,人,136
0004050397,2025_01,1,07547,2025000000,人,1505
0004050397,2025_01,1,07548,2025000000,人,235
0004050397,2025_01,1,07561,2025000000,人,3726
0004050397,2025_01,1,07564,2025000000,人,693
0004050397,2025_01,1,08000,2025000000,人,1396150
0004050397,2025_01,1,08201,2025000000,人,130296
0004050397,2025_01,1,08202,2025000000,人,79105
0004050397,2025_01,1,08203,2025000000,人,70824
0004050397,2025_01,1,08204,2025000000,人,68456
0004050397,2025_01,1,08205,2025000000,人,33419
0004050397,2025_01,1,08207,2025000000,人,24307
0004050397,2025_01,1,08208,2025000000,人,36485
0004050397,2025_01,1,08210,2025000000,人,20674
0004050397,2025_01,1,08211,2025000000,人,29203
0004050397,2025_01,1,08212,2025000000,人,21437
0004050397,2025_01,1,08214,2025000000,人,12457
0004050397,2025_01,1,08215,2025000000,人,19192
0004050397,2025_01,1,08216,2025000000,人,35252
0004050397,2025_01,1,08217,2025000000,人,50610
0004050397,2025_01,1,08219,2025000000,人,40515
0004050397,2025_01,1,08220,2025000000,人,136158
0004050397,2025_01,1,08221,2025000000,人,76955
0004050397,2025_01,1,08222,2025000000,人,32637
0004050397,2025_01,1,08223,2025000000,人,12502
0004050397,2025_01,1,08224,2025000000,人,34850
0004050397,2025_01,1,08225,2025000000,人,17755
0004050397,2025_01,1,08226,2025000000,人,25072
0004050397,2025_01,1,08227,2025000000,人,47063
0004050397,2025_01,1,08228,2025000000,人,26636
0004050397,2025_01,1,08229,2025000000,人,17800
0004050397,2025_01,1,08230,2025000000,人,19491
0004050397,2025_01,1,08231,2025000000,人,17479
0004050397,2025_01,1,08232,2025000000,人,48126
0004050397,2025_01,1,08233,2025000000,人,14718
0004050397,2025_01,1,08234,2025000000,人,22308
0004050397,2025_01,1,08235,2025000000,人,26132
0004050397,2025_01,1,08236,2025000000,人,23336
0004050397,2025_01,1,08302,2025000000,人,14580
0004050397,2025_01,1,08309,2025000000,人,7131
0004050397,2025_01,1,08310,2025000000,人,8081
0004050397,2025_01,1,08341,2025000000,人,19263
0004050397,2025_01,1,08364,2025000000,人,6782
0004050397,2025_01,1,08442,2025000000,人,6953
0004050397,2025_01,1,08443,2025000000,人,24782
0004050397,2025_01,1,08447,2025000000,人,3519
0004050397,2025_01,1,08521,2025000000,人,10520
0004050397,2025_01,1,08542,2025000000,人,3834
0004050397,2025_01,1,08546,2025000000,人,12162
0004050397,2025_01,1,08564,2025000000,人,7293
0004050397,2025_01,1,09000,2025000000,人,931188
0004050397,2025_01,1,09201,2025000000,人,256130
0004050397,2025_01,1,09202,2025000000,人,67159
0004050397,2025_01,1,09203,2025000000,人,73851
0004050397,2025_01,1,09204,2025000000,人,54400
0004050397,2025_01,1,09205,2025000000,人,44355
0004050397,2025_01,1,09206,2025000000,人,34788
0004050397,2025_01,1,09208,2025000000,人,83656
0004050397,2025_01,1,09209,2025000000,人,38365
0004050397,2025_01,1,09210,2025000000,人,33675
0004050397,2025_01,1,09211,2025000000,人,14419
0004050397,2025_01,1,09213,2025000000,人,55869
0004050397,2025_01,1,09214,2025000000,人,22827
0004050397,2025_01,1,09215,2025000000,人,11020
0004050397,2025_01,1,09216,2025000000,人,29080
0004050397,2025_01,1,09301,2025000000,人,15310
0004050397,2025_01,1,09342,2025000000,人,9996
0004050397,2025_01,1,09343,2025000000,人,5237
0004050397,2025_01,1,09344,2025000000,人,5327
0004050397,2025_01,1,09345,2025000000,人,7563
0004050397,2025_01,1,09361,2025000000,人,18705
0004050397,2025_01,1,09364,2025000000,人,12188
0004050397,2025_01,1,09384,2025000000,人,4568
0004050397,2025_01,1,09386,2025000000,人,14976
0004050397,2025_01,1,09407,2025000000,人,10985
0004050397,2025_01,1,09411,2025000000,人,6739
0004050397,2025_01,1,10000,2025000000,人,922992
0004050397,2025_01,1,10201,2025000000,人,158432
0004050397,2025_01,1,10202,2025000000,人,177872
0004050397,2025_01,1,10203,2025000000,人,46900
0004050397,2025_01,1,10204,2025000000,人,104175
0004050397,2025_01,1,10205,2025000000,人,112177
0004050397,2025_01,1,10206,2025000000,人,20126
0004050397,2025_01,1,10207,2025000000,人,36394
0004050397,2025_01,1,10208,2025000000,人,34244
0004050397,2025_01,1,10209,2025000000,人,28850
0004050397,2025_01,1,10210,2025000000,人,21564
0004050397,2025_01,1,10211,2025000000,人,24883
0004050397,2025_01,1,10212,2025000000,人,23366
0004050397,2025_01,1,10344,2025000000,人,7164
0004050397,2025_01,1,10345,2025000000,人,11235
0004050397,2025_01,1,10366,2025000000,人,488
0004050397,2025_01,1,10367,2025000000,人,624
0004050397,2025_01,1,10382,2025000000,人,2682
0004050397,2025_01,1,10383,2025000000,人,604
0004050397,2025_01,1,10384,2025000000,人,5844
0004050397,2025_01,1,10421,2025000000,人,6738
0004050397,2025_01,1,10424,2025000000,人,2431
0004050397,2025_01,1,10425,2025000000,人,4223
0004050397,2025_01,1,10426,2025000000,人,2935
0004050397,2025_01,1,10428,2025000000,人,1532
0004050397,2025_01,1,10429,2025000000,人,5554
0004050397,2025_01,1,10443,2025000000,人,1783
0004050397,2025_01,1,10444,2025000000,人,1433
0004050397,2025_01,1,10448,2025000000,人,3374
0004050397,2025_01,1,10449,2025000000,人,7726
0004050397,2025_01,1,10464,2025000000,人,17094
0004050397,2025_01,1,10521,2025000000,人,6371
0004050397,2025_01,1,10522,2025000000,人,5122
0004050397,2025_01,1,10523,2025000000,人,5208
0004050397,2025_01,1,10524,2025000000,人,21699
0004050397,2025_01,1,10525,2025000000,人,12145
0004050397,2025_01,1,11000,2025000000,人,3607158
0004050397,2025_01,1,11100,2025000000,人,660268
0004050397,2025_01,1,11101,2025000000,人,45648
0004050397,2025_01,1,11102,2025000000,人,71590
0004050397,2025_01,1,11103,2025000000,人,62067
0004050397,2025_01,1,11104,2025000000,人,81489
0004050397,2025_01,1,11105,2025000000,人,51049
0004050397,2025_01,1,11106,2025000000,人,49620
0004050397,2025_01,1,11107,2025000000,人,81874
0004050397,2025_01,1,11108,2025000000,人,97157
0004050397,2025_01,1,11109,2025000000,人,65087
0004050397,2025_01,1,11110,2025000000,人,54687
0004050397,2025_01,1,11201,2025000000,人,175930
0004050397,2025_01,1,11202,2025000000,人,94022
0004050397,2025_01,1,11203,2025000000,人,297478
0004050397,2025_01,1,11206,2025000000,人,37472
0004050397,2025_01,1,11207,2025000000,人,26657
0004050397,2025_01,1,11208,2025000000,人,167331
0004050397,2025_01,1,11209,2025000000,人,38856
0004050397,2025_01,1,11210,2025000000,人,55062
0004050397,2025_01,1,11211,2025000000,人,38162
0004050397,2025_01,1,11212,2025000000,人,45944
0004050397,2025_01,1,11214,2025000000,人,109202
0004050397,2025_01,1,11215,2025000000,人,70518
0004050397,2025_01,1,11216,2025000000,人,26035
0004050397,2025_01,1,11217,2025000000,人,56842
0004050397,2025_01,1,11218,2025000000,人,68818
0004050397,2025_01,1,11219,2025000000,人,110332
0004050397,2025_01,1,11221,2025000000,人,125937
0004050397,2025_01,1,11222,2025000000,人,167214
0004050397,2025_01,1,11223,2025000000,人,38193
0004050397,2025_01,1,11224,2025000000,人,68966
0004050397,2025_01,1,11225,2025000000,人,68682
0004050397,2025_01,1,11227,2025000000,人,73932
0004050397,2025_01,1,11228,2025000000,人,36761
0004050397,2025_01,1,11229,2025000000,人,42868
0004050397,2025_01,1,11230,2025000000,人,81142
0004050397,2025_01,1,11231,2025000000,人,35783
0004050397,2025_01,1,11232,2025000000,人,72701
0004050397,2025_01,1,11233,2025000000,人,31371
0004050397,2025_01,1,11234,2025000000,人,47742
0004050397,2025_01,1,11235,2025000000,人,55056
0004050397,2025_01,1,11237,2025000000,人,70444
0004050397,2025_01,1,11238,2025000000,人,29736
0004050397,2025_01,1,11239,2025000000,人,49373
0004050397,2025_01,1,11240,2025000000,人,23682
0004050397,2025_01,1,11241,2025000000,人,34952
0004050397,2025_01,1,11242,2025000000,人,26356
0004050397,2025_01,1,11243,2025000000,人,35277
0004050397,2025_01,1,11245,2025000000,人,55114
0004050397,2025_01,1,11246,2025000000,人,25278
0004050397,2025_01,1,11301,2025000000,人,22277
0004050397,2025_01,1,11324,2025000000,人,18258
0004050397,2025_01,1,11326,2025000000,人,16469
0004050397,2025_01,1,11327,2025000000,人,5032
0004050397,2025_01,1,11341,2025000000,人,10127
0004050397,2025_01,1,11342,2025000000,人,8622
0004050397,2025_01,1,11343,2025000000,人,13082
0004050397,2025_01,1,11346,2025000000,人,9051
0004050397,2025_01,1,11347,2025000000,人,8503
0004050397,2025_01,1,11348,2025000000,人,6094
0004050397,2025_01,1,11349,2025000000,人,4947
0004050397,2025_01,1,11361,2025000000,人,3555
0004050397,2025_01,1,11362,2025000000,人,4165
0004050397,2025_01,1,11363,2025000000,人,2968
0004050397,2025_01,1,11365,2025000000,人,4656
0004050397,2025_01,1,11369,2025000000,人,1131
0004050397,2025_01,1,11381,2025000000,人,5176
0004050397,2025_01,1,11383,2025000000,人,6321
0004050397,2025_01,1,11385,2025000000,人,14650
0004050397,2025_01,1,11408,2025000000,人,15194
0004050397,2025_01,1,11442,2025000000,人,16780
0004050397,2025_01,1,11464,2025000000,人,21123
0004050397,2025_01,1,11465,2025000000,人,13488
0004050397,2025_01,1,12000,2025000000,人,3094053
0004050397,2025_01,1,12100,2025000000,人,490242
0004050397,2025_01,1,12101,2025000000,人,113797
0004050397,2025_01,1,12102,2025000000,人,86969
0004050397,2025_01,1,12103,2025000000,人,79858
0004050397,2025_01,1,12104,2025000000,人,72442
0004050397,2025_01,1,12105,2025000000,人,62555
0004050397,2025_01,1,12106,2025000000,人,74621
0004050397,2025_01,1,12202,2025000000,人,25015
0004050397,2025_01,1,12203,2025000000,人,247663
0004050397,2025_01,1,12204,2025000000,人,321442
0004050397,2025_01,1,12205,2025000000,人,19757
0004050397,2025_01,1,12206,2025000000,人,68821
0004050397,2025_01,1,12207,2025000000,人,244970
0004050397,2025_01,1,12208,2025000000,人,75310
0004050397,2025_01,1,12210,2025000000,人,41168
0004050397,2025_01,1,12211,2025000000,人,66410
0004050397,2025_01,1,12212,2025000000,人,79565
0004050397,2025_01,1,12213,2025000000,人,28397
0004050397,2025_01,1,12215,2025000000,人,29458
0004050397,2025_01,1,12216,2025000000,人,87138
0004050397,2025_01,1,12217,2025000000,人,213557
0004050397,2025_01,1,12218,2025000000,人,7831
0004050397,2025_01,1,12219,2025000000,人,133077
0004050397,2025_01,1,12220,2025000000,人,105388
0004050397,2025_01,1,12221,2025000000,人,100307
0004050397,2025_01,1,12222,2025000000,人,63810
0004050397,2025_01,1,12223,2025000000,人,13720
0004050397,2025_01,1,12224,2025000000,人,52937
0004050397,2025_01,1,12225,2025000000,人,39370
0004050397,2025_01,1,12226,2025000000,人,19647
0004050397,2025_01,1,12227,2025000000,人,83310
0004050397,2025_01,1,12228,2025000000,人,46714
0004050397,2025_01,1,12229,2025000000,人,32832
0004050397,2025_01,1,12230,2025000000,人,32670
0004050397,2025_01,1,12231,2025000000,人,54430
0004050397,2025_01,1,12232,2025000000,人,30103
0004050397,2025_01,1,12233,2025000000,人,25398
0004050397,2025_01,1,12234,2025000000,人,15199
0004050397,2025_01,1,12235,2025000000,人,15315
0004050397,2025_01,1,12236,2025000000,人,32614
0004050397,2025_01,1,12237,2025000000,人,22633
0004050397,2025_01,1,12238,2025000000,人,15727
0004050397,2025_01,1,12239,2025000000,人,22761
0004050397,2025_01,1,12322,2025000000,人,10144
0004050397,2025_01,1,12329,2025000000,人,9310
0004050397,2025_01,1,12342,2025000000,人,2639
0004050397,2025_01,1,12347,2025000000,人,6328
0004050397,2025_01,1,12349,2025000000,人,5980
0004050397,2025_01,1,12403,2025000000,人,6392
0004050397,2025_01,1,12409,2025000000,人,3046
0004050397,2025_01,1,12410,2025000000,人,9665
0004050397,2025_01,1,12421,2025000000,人,5785
0004050397,2025_01,1,12422,2025000000,人,3007
0004050397,2025_01,1,12423,2025000000,人,6199
0004050397,2025_01,1,12424,2025000000,人,4697
0004050397,2025_01,1,12426,2025000000,人,2984
0004050397,2025_01,1,12427,2025000000,人,3330
0004050397,2025_01,1,12441,2025000000,人,3794
0004050397,2025_01,1,12443,2025000000,人,3048
0004050397,2025_01,1,12463,2025000000,人,2999
0004050397,2025_01,1,13000,2025000000,人,6971785
0004050397,2025_01,1,13100,2025000000,人,4867138
0004050397,2025_01,1,13101,2025000000,人,33096
0004050397,2025_01,1,13102,2025000000,人,87077
0004050397,2025_01,1,13103,2025000000,人,128925
0004050397,2025_01,1,13104,2025000000,人,181433
0004050397,2025_01,1,13105,2025000000,人,119943
0004050397,2025_01,1,13106,2025000000,人,116409
0004050397,2025_01,1,13107,2025000000,人,140042
0004050397,2025_01,1,13108,2025000000,人,269746
0004050397,2025_01,1,13109,2025000000,人,210317
0004050397,2025_01,1,13110,2025000000,人,134972
0004050397,2025_01,1,13111,2025000000,人,377559
0004050397,2025_01,1,13112,2025000000,人,450508
0004050397,2025_01,1,13113,2025000000,人,114704
0004050397,2025_01,1,13114,2025000000,人,177783
0004050397,2025_01,1,13115,2025000000,人,287911
0004050397,2025_01,1,13116,2025000000,人,153069
0004050397,2025_01,1,13117,2025000000,人,183240
0004050397,2025_01,1,13118,2025000000,人,111556
0004050397,2025_01,1,13119,2025000000,人,289631
0004050397,2025_01,1,13120,2025000000,人,364342
0004050397,2025_01,1,13121,2025000000,人,349870
0004050397,2025_01,1,13122,2025000000,人,231724
0004050397,2025_01,1,13123,2025000000,人,353281
0004050397,2025_01,1,13201,2025000000,人,287920
0004050397,2025_01,1,13202,2025000000,人,92553
0004050397,2025_01,1,13203,2025000000,人,72234
0004050397,2025_01,1,13204,2025000000,人,93530
0004050397,2025_01,1,13205,2025000000,人,64739
0004050397,2025_01,1,13206,2025000000,人,131035
0004050397,2025_01,1,13207,2025000000,人,57976
0004050397,2025_01,1,13208,2025000000,人,118319
0004050397,2025_01,1,13209,2025000000,人,203834
0004050397,2025_01,1,13210,2025000000,人,63073
0004050397,2025_01,1,13211,2025000000,人,96402
0004050397,2025_01,1,13212,2025000000,人,94562
0004050397,2025_01,1,13213,2025000000,人,73855
0004050397,2025_01,1,13214,2025000000,人,62514
0004050397,2025_01,1,13215,2025000000,人,37168
0004050397,2025_01,1,13218,2025000000,人,28487
0004050397,2025_01,1,13219,2025000000,人,40753
0004050397,2025_01,1,13220,2025000000,人,40313
0004050397,2025_01,1,13221,2025000000,人,35615
0004050397,2025_01,1,13222,2025000000,人,55325
0004050397,2025_01,1,13223,2025000000,人,34219
0004050397,2025_01,1,13224,2025000000,人,68595
0004050397,2025_01,1,13225,2025000000,人,47523
0004050397,2025_01,1,13227,2025000000,人,26991
0004050397,2025_01,1,13228,2025000000,人,38113
0004050397,2025_01,1,13229,2025000000,人,100683
0004050397,2025_01,1,13303,2025000000,人,15783
0004050397,2025_01,1,13305,2025000000,人,7851
0004050397,2025_01,1,13307,2025000000,人,877
0004050397,2025_01,1,13308,2025000000,人,2125
0004050397,2025_01,1,13361,2025000000,人,3273
0004050397,2025_01,1,13362,2025000000,人,171
0004050397,2025_01,1,13363,2025000000,人,1074
0004050397,2025_01,1,13364,2025000000,人,846
0004050397,2025_01,1,13381,2025000000,人,1097
0004050397,2025_01,1,13382,2025000000,人,168
0004050397,2025_01,1,13401,2025000000,人,3258
0004050397,2025_01,1,13402,2025000000,人,103
0004050397,2025_01,1,13421,2025000000,人,1690
0004050397,2025_01,1,14000,2025000000,人,4550704
0004050397,2025_01,1,14100,2025000000,人,1849234
0004050397,2025_01,1,14101,2025000000,人,152704
0004050397,2025_01,1,14102,2025000000,人,128059
0004050397,2025_01,1,14103,2025000000,人,54285
0004050397,2025_01,1,14104,2025000000,人,79113
0004050397,2025_01,1,14105,2025000000,人,98523
0004050397,2025_01,1,14106,2025000000,人,100006
0004050397,2025_01,1,14107,2025000000,人,80529
0004050397,2025_01,1,14108,2025000000,人,93279
0004050397,2025_01,1,14109,2025000000,人,180870
0004050397,2025_01,1,14110,2025000000,人,136394
0004050397,2025_01,1,14111,2025000000,人,101472
0004050397,2025_01,1,14112,2025000000,人,115198
0004050397,2025_01,1,14113,2025000000,人,88523
0004050397,2025_01,1,14114,2025000000,人,58105
0004050397,2025_01,1,14115,2025000000,人,57574
0004050397,2025_01,1,14116,2025000000,人,72110
0004050397,2025_01,1,14117,2025000000,人,148198
0004050397,2025_01,1,14118,2025000000,人,104292
0004050397,2025_01,1,14130,2025000000,人,784768
0004050397,2025_01,1,14131,2025000000,人,125864
0004050397,2025_01,1,14132,2025000000,人,88703
0004050397,2025_01,1,14133,2025000000,人,135988
0004050397,2025_01,1,14134,2025000000,人,117428
0004050397,2025_01,1,14135,2025000000,人,116396
0004050397,2025_01,1,14136,2025000000,人,113801
0004050397,2025_01,1,14137,2025000000,人,86588
0004050397,2025_01,1,14150,2025000000,人,354254
0004050397,2025_01,1,14151,2025000000,人,82838
0004050397,2025_01,1,14152,2025000000,人,134436
0004050397,2025_01,1,14153,2025000000,人,136980
0004050397,2025_01,1,14201,2025000000,人,180871
0004050397,2025_01,1,14203,2025000000,人,128317
0004050397,2025_01,1,14204,2025000000,人,79423
0004050397,2025_01,1,14205,2025000000,人,218633
0004050397,2025_01,1,14206,2025000000,人,89320
0004050397,2025_01,1,14207,2025000000,人,118467
0004050397,2025_01,1,14208,2025000000,人,25787
0004050397,2025_01,1,14210,2025000000,人,18536
0004050397,2025_01,1,14211,2025000000,人,81795
0004050397,2025_01,1,14212,2025000000,人,114745
0004050397,2025_01,1,14213,2025000000,人,122190
0004050397,2025_01,1,14214,2025000000,人,50658
0004050397,2025_01,1,14215,2025000000,人,70872
0004050397,2025_01,1,14216,2025000000,人,65461
0004050397,2025_01,1,14217,2025000000,人,19094
0004050397,2025_01,1,14218,2025000000,人,41801
0004050397,2025_01,1,14301,2025000000,人,14007
0004050397,2025_01,1,14321,2025000000,人,24312
0004050397,2025_01,1,14341,2025000000,人,14815
0004050397,2025_01,1,14342,2025000000,人,12621
0004050397,2025_01,1,14361,2025000000,人,4296
0004050397,2025_01,1,14362,2025000000,人,8465
0004050397,2025_01,1,14363,2025000000,人,4989
0004050397,2025_01,1,14364,2025000000,人,4365
0004050397,2025_01,1,14366,2025000000,人,8952
0004050397,2025_01,1,14382,2025000000,人,4878
0004050397,2025_01,1,14383,2025000000,人,2736
0004050397,2025_01,1,14384,2025000000,人,10099
0004050397,2025_01,1,14401,2025000000,人,20505
0004050397,2025_01,1,14402,2025000000,人,1438
0004050397,2025_01,1,15000,2025000000,人,1006135
0004050397,2025_01,1,15100,2025000000,人,365387
0004050397,2025_01,1,15101,2025000000,人,34166
0004050397,2025_01,1,15102,2025000000,人,61122
0004050397,2025_01,1,15103,2025000000,人,84499
0004050397,2025_01,1,15104,2025000000,人,32437
0004050397,2025_01,1,15105,2025000000,人,34328
0004050397,2025_01,1,15106,2025000000,人,19968
0004050397,2025_01,1,15107,2025000000,人,74677
0004050397,2025_01,1,15108,2025000000,人,24190
0004050397,2025_01,1,15202,2025000000,人,123513
0004050397,2025_01,1,15204,2025000000,人,42831
0004050397,2025_01,1,15205,2025000000,人,37586
0004050397,2025_01,1,15206,2025000000,人,43467
0004050397,2025_01,1,15208,2025000000,人,15449
0004050397,2025_01,1,15209,2025000000,人,11173
0004050397,2025_01,1,15210,2025000000,人,21814
0004050397,2025_01,1,15211,2025000000,人,17845
0004050397,2025_01,1,15212,2025000000,人,24789
0004050397,2025_01,1,15213,2025000000,人,36073
0004050397,2025_01,1,15216,2025000000,人,18002
0004050397,2025_01,1,15217,2025000000,人,13586
0004050397,2025_01,1,15218,2025000000,人,20990
0004050397,2025_01,1,15222,2025000000,人,86571
0004050397,2025_01,1,15223,2025000000,人,18145
0004050397,2025_01,1,15224,2025000000,人,22057
0004050397,2025_01,1,15225,2025000000,人,15225
0004050397,2025_01,1,15226,2025000000,人,25102
0004050397,2025_01,1,15227,2025000000,人,12955
0004050397,2025_01,1,15307,2025000000,人,7072
0004050397,2025_01,1,15342,2025000000,人,3422
0004050397,2025_01,1,15361,2025000000,人,4920
0004050397,2025_01,1,15385,2025000000,人,4044
0004050397,2025_01,1,15405,2025000000,人,1755
0004050397,2025_01,1,15461,2025000000,人,3907
0004050397,2025_01,1,15482,2025000000,人,3880
0004050397,2025_01,1,15504,2025000000,人,2340
0004050397,2025_01,1,15581,2025000000,人,2073
0004050397,2025_01,1,15586,2025000000,人,162
0004050397,2025_01,1,16000,2025000000,人,480516
0004050397,2025_01,1,16201,2025000000,人,197015
0004050397,2025_01,1,16202,2025000000,人,76647
0004050397,2025_01,1,16204,2025000000,人,18353
0004050397,2025_01,1,16205,2025000000,人,18722
0004050397,2025_01,1,16206,2025000000,人,15390
0004050397,2025_01,1,16207,2025000000,人,18563
0004050397,2025_01,1,16208,2025000000,人,22280
0004050397,2025_01,1,16209,2025000000,人,13018
0004050397,2025_01,1,16210,2025000000,人,21276
0004050397,2025_01,1,16211,2025000000,人,43077
0004050397,2025_01,1,16321,2025000000,人,1595
0004050397,2025_01,1,16322,2025000000,人,8497
0004050397,2025_01,1,16323,2025000000,人,11246
0004050397,2025_01,1,16342,2025000000,人,10316
0004050397,2025_01,1,16343,2025000000,人,4521
0004050397,2025_01,1,17000,2025000000,人,529800
0004050397,2025_01,1,17201,2025000000,人,219718
0004050397,2025_01,1,17202,2025000000,人,21342
0004050397,2025_01,1,17203,2025000000,人,51041
0004050397,2025_01,1,17204,2025000000,人,9123
0004050397,2025_01,1,17205,2025000000,人,4270
0004050397,2025_01,1,17206,2025000000,人,27777
0004050397,2025_01,1,17207,2025000000,人,8983
0004050397,2025_01,1,17209,2025000000,人,17480
0004050397,2025_01,1,17210,2025000000,人,52916
0004050397,2025_01,1,17211,2025000000,人,24083
0004050397,2025_01,1,17212,2025000000,人,29921
0004050397,2025_01,1,17324,2025000000,人,2913
0004050397,2025_01,1,17361,2025000000,人,18257
0004050397,2025_01,1,17365,2025000000,人,12206
0004050397,2025_01,1,17384,2025000000,人,7727
0004050397,2025_01,1,17386,2025000000,人,5263
0004050397,2025_01,1,17407,2025000000,人,7449
0004050397,2025_01,1,17461,2025000000,人,3124
0004050397,2025_01,1,17463,2025000000,人,6207
0004050397,2025_01,1,18000,2025000000,人,355517
0004050397,2025_01,1,18201,2025000000,人,122722
0004050397,2025_01,1,18202,2025000000,人,29650
0004050397,2025_01,1,18204,2025000000,人,13100
0004050397,2025_01,1,18205,2025000000,人,13238
0004050397,2025_01,1,18206,2025000000,人,9604
0004050397,2025_01,1,18207,2025000000,人,32848
0004050397,2025_01,1,18208,2025000000,人,12223
0004050397,2025_01,1,18209,2025000000,人,39133
0004050397,2025_01,1,18210,2025000000,人,41014
0004050397,2025_01,1,18322,2025000000,人,8749
0004050397,2025_01,1,18382,2025000000,人,1255
0004050397,2025_01,1,18404,2025000000,人,4293
0004050397,2025_01,1,18423,2025000000,人,8986
0004050397,2025_01,1,18442,2025000000,人,4175
0004050397,2025_01,1,18481,2025000000,人,4729
0004050397,2025_01,1,18483,2025000000,人,3635
0004050397,2025_01,1,18501,2025000000,人,6163
0004050397,2025_01,1,19000,2025000000,人,382881
0004050397,2025_01,1,19201,2025000000,人,90111
0004050397,2025_01,1,19202,2025000000,人,21067
0004050397,2025_01,1,19204,2025000000,人,14533
0004050397,2025_01,1,19205,2025000000,人,14950
0004050397,2025_01,1,19206,2025000000,人,9794
0004050397,2025_01,1,19207,2025000000,人,13907
0004050397,2025_01,1,19208,2025000000,人,34215
0004050397,2025_01,1,19209,2025000000,人,20382
0004050397,2025_01,1,19210,2025000000,人,37298
0004050397,2025_01,1,19211,2025000000,人,31280
0004050397,2025_01,1,19212,2025000000,人,10470
0004050397,2025_01,1,19213,2025000000,人,12965
0004050397,2025_01,1,19214,2025000000,人,15025
0004050397,2025_01,1,19346,2025000000,人,6496
0004050397,2025_01,1,19364,2025000000,人,547
0004050397,2025_01,1,19365,2025000000,人,4424
0004050397,2025_01,1,19366,2025000000,人,3162
0004050397,2025_01,1,19368,2025000000,人,6383
0004050397,2025_01,1,19384,2025000000,人,10841
0004050397,2025_01,1,19422,2025000000,人,711
0004050397,2025_01,1,19423,2025000000,人,1741
0004050397,2025_01,1,19424,2025000000,人,5030
0004050397,2025_01,1,19425,2025000000,人,2577
0004050397,2025_01,1,19429,2025000000,人,1367
0004050397,2025_01,1,19430,2025000000,人,13024
0004050397,2025_01,1,19442,2025000000,人,312
0004050397,2025_01,1,19443,2025000000,人,269
0004050397,2025_01,1,20000,2025000000,人,955707
0004050397,2025_01,1,20201,2025000000,人,173632
0004050397,2025_01,1,20202,2025000000,人,113459
0004050397,2025_01,1,20203,2025000000,人,70506
0004050397,2025_01,1,20204,2025000000,人,21637
0004050397,2025_01,1,20205,2025000000,人,44061
0004050397,2025_01,1,20206,2025000000,人,22594
0004050397,2025_01,1,20207,2025000000,人,23391
0004050397,2025_01,1,20208,2025000000,人,19550
0004050397,2025_01,1,20209,2025000000,人,31155
0004050397,2025_01,1,20210,2025000000,人,15180
0004050397,2025_01,1,20211,2025000000,人,19547
0004050397,2025_01,1,20212,2025000000,人,11658
0004050397,2025_01,1,20213,2025000000,人,8596
0004050397,2025_01,1,20214,2025000000,人,27326
0004050397,2025_01,1,20215,2025000000,人,32812
0004050397,2025_01,1,20217,2025000000,人,47648
0004050397,2025_01,1,20218,2025000000,人,27563
0004050397,2025_01,1,20219,2025000000,人,14215
0004050397,2025_01,1,20220,2025000000,人,44240
0004050397,2025_01,1,20303,2025000000,人,2006
0004050397,2025_01,1,20304,2025000000,人,2659
0004050397,2025_01,1,20305,2025000000,人,1960
0004050397,2025_01,1,20306,2025000000,人,444
0004050397,2025_01,1,20307,2025000000,人,318
0004050397,2025_01,1,20309,2025000000,人,4674
0004050397,2025_01,1,20321,2025000000,人,8684
0004050397,2025_01,1,20323,2025000000,人,8206
0004050397,2025_01,1,20324,2025000000,人,3096
0004050397,2025_01,1,20349,2025000000,人,1843
0004050397,2025_01,1,20350,2025000000,人,2561
0004050397,2025_01,1,20361,2025000000,人,8423
0004050397,2025_01,1,20362,2025000000,人,6538
0004050397,2025_01,1,20363,2025000000,人,3764
0004050397,2025_01,1,20382,2025000000,人,8260
0004050397,2025_01,1,20383,2025000000,人,11975
0004050397,2025_01,1,20384,2025000000,人,4160
0004050397,2025_01,1,20385,2025000000,人,7954
0004050397,2025_01,1,20386,2025000000,人,2069
0004050397,2025_01,1,20388,2025000000,人,3967
0004050397,2025_01,1,20402,2025000000,人,5766
0004050397,2025_01,1,20403,2025000000,人,5863
0004050397,2025_01,1,20404,2025000000,人,1755
0004050397,2025_01,1,20407,2025000000,人,2764
0004050397,2025_01,1,20409,2025000000,人,177
0004050397,2025_01,1,20410,2025000000,人,394
0004050397,2025_01,1,20411,2025000000,人,1503
0004050397,2025_01,1,20412,2025000000,人,219
0004050397,2025_01,1,20413,2025000000,人,464
0004050397,2025_01,1,20414,2025000000,人,648
0004050397,2025_01,1,20415,2025000000,人,2712
0004050397,2025_01,1,20416,2025000000,人,3110
0004050397,2025_01,1,20417,2025000000,人,541
0004050397,2025_01,1,20422,2025000000,人,1794
0004050397,2025_01,1,20423,2025000000,人,1752
0004050397,2025_01,1,20425,2025000000,人,1083
0004050397,2025_01,1,20429,2025000000,人,284
0004050397,2025_01,1,20430,2025000000,人,1467
0004050397,2025_01,1,20432,2025000000,人,4612
0004050397,2025_01,1,20446,2025000000,人,1112
0004050397,2025_01,1,20448,2025000000,人,756
0004050397,2025_01,1,20450,2025000000,人,3963
0004050397,2025_01,1,20451,2025000000,人,1993
0004050397,2025_01,1,20452,2025000000,人,1850
0004050397,2025_01,1,20481,2025000000,人,4179
0004050397,2025_01,1,20482,2025000000,人,4512
0004050397,2025_01,1,20485,2025000000,人,4191
0004050397,2025_01,1,20486,2025000000,人,1267
0004050397,2025_01,1,20521,2025000000,人,6414
0004050397,2025_01,1,20541,2025000000,人,4992
0004050397,2025_01,1,20543,2025000000,人,3028
0004050397,2025_01,1,20561,2025000000,人,5029
0004050397,2025_01,1,20562,2025000000,人,1903
0004050397,2025_01,1,20563,2025000000,人,1407
0004050397,2025_01,1,20583,2025000000,人,3411
0004050397,2025_01,1,20588,2025000000,人,996
0004050397,2025_01,1,20590,2025000000,人,4779
0004050397,2025_01,1,20602,2025000000,人,686
0004050397,2025_01,1,21000,2025000000,人,918536
0004050397,2025_01,1,21201,2025000000,人,185448
0004050397,2025_01,1,21202,2025000000,人,75023
0004050397,2025_01,1,21203,2025000000,人,37906
0004050397,2025_01,1,21204,2025000000,人,48879
0004050397,2025_01,1,21205,2025000000,人,39468
0004050397,2025_01,1,21206,2025000000,人,34833
0004050397,2025_01,1,21207,2025000000,人,8554
0004050397,2025_01,1,21208,2025000000,人,17156
0004050397,2025_01,1,21209,2025000000,人,31634
0004050397,2025_01,1,21210,2025000000,人,21330
0004050397,2025_01,1,21211,2025000000,人,28194
0004050397,2025_01,1,21212,2025000000,人,24806
0004050397,2025_01,1,21213,2025000000,人,69634
0004050397,2025_01,1,21214,2025000000,人,47825
0004050397,2025_01,1,21215,2025000000,人,11268
0004050397,2025_01,1,21216,2025000000,人,28070
0004050397,2025_01,1,21217,2025000000,人,9863
0004050397,2025_01,1,21218,2025000000,人,15414
0004050397,2025_01,1,21219,2025000000,人,17450
0004050397,2025_01,1,21220,2025000000,人,12975
0004050397,2025_01,1,21221,2025000000,人,14740
0004050397,2025_01,1,21302,2025000000,人,12810
0004050397,2025_01,1,21303,2025000000,人,10432
0004050397,2025_01,1,21341,2025000000,人,11976
0004050397,2025_01,1,21361,2025000000,人,12240
0004050397,2025_01,1,21362,2025000000,人,2805
0004050397,2025_01,1,21381,2025000000,人,8631
0004050397,2025_01,1,21382,2025000000,人,4470
0004050397,2025_01,1,21383,2025000000,人,6829
0004050397,2025_01,1,21401,2025000000,人,8380
0004050397,2025_01,1,21403,2025000000,人,10078
0004050397,2025_01,1,21404,2025000000,人,10527
0004050397,2025_01,1,21421,2025000000,人,8694
0004050397,2025_01,1,21501,2025000000,人,4181
0004050397,2025_01,1,21502,2025000000,人,2812
0004050397,2025_01,1,21503,2025000000,人,4537
0004050397,2025_01,1,21504,2025000000,人,1368
0004050397,2025_01,1,21505,2025000000,人,4419
0004050397,2025_01,1,21506,2025000000,人,3007
0004050397,2025_01,1,21507,2025000000,人,840
0004050397,2025_01,1,21521,2025000000,人,8269
0004050397,2025_01,1,21604,2025000000,人,761
0004050397,2025_01,1,22000,2025000000,人,1707440
0004050397,2025_01,1,22100,2025000000,人,320015
0004050397,2025_01,1,22101,2025000000,人,114321
0004050397,2025_01,1,22102,2025000000,人,100630
0004050397,2025_01,1,22103,2025000000,人,105064
0004050397,2025_01,1,22130,2025000000,人,379632
0004050397,2025_01,1,22138,2025000000,人,293632
0004050397,2025_01,1,22139,2025000000,人,74473
0004050397,2025_01,1,22140,2025000000,人,11527
0004050397,2025_01,1,22203,2025000000,人,88233
0004050397,2025_01,1,22205,2025000000,人,14236
0004050397,2025_01,1,22206,2025000000,人,50040
0004050397,2025_01,1,22207,2025000000,人,59076
0004050397,2025_01,1,22208,2025000000,人,28665
0004050397,2025_01,1,22209,2025000000,人,44502
0004050397,2025_01,1,22210,2025000000,人,117407
0004050397,2025_01,1,22211,2025000000,人,80814
0004050397,2025_01,1,22212,2025000000,人,64034
0004050397,2025_01,1,22213,2025000000,人,56086
0004050397,2025_01,1,22214,2025000000,人,65216
0004050397,2025_01,1,22215,2025000000,人,41225
0004050397,2025_01,1,22216,2025000000,人,43634
0004050397,2025_01,1,22219,2025000000,人,8624
0004050397,2025_01,1,22220,2025000000,人,23635
0004050397,2025_01,1,22221,2025000000,人,28574
0004050397,2025_01,1,22222,2025000000,人,12225
0004050397,2025_01,1,22223,2025000000,人,14489
0004050397,2025_01,1,22224,2025000000,人,22908
0004050397,2025_01,1,22225,2025000000,人,21266
0004050397,2025_01,1,22226,2025000000,人,19872
0004050397,2025_01,1,22301,2025000000,人,4815
0004050397,2025_01,1,22302,2025000000,人,3013
0004050397,2025_01,1,22304,2025000000,人,3333
0004050397,2025_01,1,22305,2025000000,人,2461
0004050397,2025_01,1,22306,2025000000,人,2897
0004050397,2025_01,1,22325,2025000000,人,16786
0004050397,2025_01,1,22341,2025000000,人,15052
0004050397,2025_01,1,22342,2025000000,人,21306
0004050397,2025_01,1,22344,2025000000,人,9003
0004050397,2025_01,1,22424,2025000000,人,13752
0004050397,2025_01,1,22429,2025000000,人,2643
0004050397,2025_01,1,22461,2025000000,人,7971
0004050397,2025_01,1,23000,2025000000,人,3710417
0004050397,2025_01,1,23100,2025000000,人,1151603
0004050397,2025_01,1,23101,2025000000,人,83843
0004050397,2025_01,1,23102,2025000000,人,43230
0004050397,2025_01,1,23103,2025000000,人,78256
0004050397,2025_01,1,23104,2025000000,人,75440
0004050397,2025_01,1,23105,2025000000,人,73642
0004050397,2025_01,1,23106,2025000000,人,54079
0004050397,2025_01,1,23107,2025000000,人,53538
0004050397,2025_01,1,23108,2025000000,人,52459
0004050397,2025_01,1,23109,2025000000,人,33952
0004050397,2025_01,1,23110,2025000000,人,106852
0004050397,2025_01,1,23111,2025000000,人,66278
0004050397,2025_01,1,23112,2025000000,人,66945
0004050397,2025_01,1,23113,2025000000,人,85562
0004050397,2025_01,1,23114,2025000000,人,120866
0004050397,2025_01,1,23115,2025000000,人,77384
0004050397,2025_01,1,23116,2025000000,人,79277
0004050397,2025_01,1,23201,2025000000,人,180044
0004050397,2025_01,1,23202,2025000000,人,190014
0004050397,2025_01,1,23203,2025000000,人,178698
0004050397,2025_01,1,23204,2025000000,人,60559
0004050397,2025_01,1,23205,2025000000,人,57323
0004050397,2025_01,1,23206,2025000000,人,149123
0004050397,2025_01,1,23207,2025000000,人,90645
0004050397,2025_01,1,23208,2025000000,人,28092
0004050397,2025_01,1,23209,2025000000,人,36741
0004050397,2025_01,1,23210,2025000000,人,79305
0004050397,2025_01,1,23211,2025000000,人,216100
0004050397,2025_01,1,23212,2025000000,人,94814
0004050397,2025_01,1,23213,2025000000,人,83926
0004050397,2025_01,1,23214,2025000000,人,36988
0004050397,2025_01,1,23215,2025000000,人,34687
0004050397,2025_01,1,23216,2025000000,人,28433
0004050397,2025_01,1,23217,2025000000,人,45938
0004050397,2025_01,1,23219,2025000000,人,72775
0004050397,2025_01,1,23220,2025000000,人,63758
0004050397,2025_01,1,23221,2025000000,人,20240
0004050397,2025_01,1,23222,2025000000,人,58056
0004050397,2025_01,1,23223,2025000000,人,46713
0004050397,2025_01,1,23224,2025000000,人,40866
0004050397,2025_01,1,23225,2025000000,人,38228
0004050397,2025_01,1,23226,2025000000,人,40073
0004050397,2025_01,1,23227,2025000000,人,25118
0004050397,2025_01,1,23228,2025000000,人,23483
0004050397,2025_01,1,23229,2025000000,人,34490
0004050397,2025_01,1,23230,2025000000,人,46818
0004050397,2025_01,1,23231,2025000000,人,29342
0004050397,2025_01,1,23232,2025000000,人,28056
0004050397,2025_01,1,23233,2025000000,人,34391
0004050397,2025_01,1,23234,2025000000,人,42319
0004050397,2025_01,1,23235,2025000000,人,21108
0004050397,2025_01,1,23236,2025000000,人,31514
0004050397,2025_01,1,23237,2025000000,人,42866
0004050397,2025_01,1,23238,2025000000,人,30907
0004050397,2025_01,1,23302,2025000000,人,21855
0004050397,2025_01,1,23342,2025000000,人,8034
0004050397,2025_01,1,23361,2025000000,人,11751
0004050397,2025_01,1,23362,2025000000,人,16851
0004050397,2025_01,1,23424,2025000000,人,16272
0004050397,2025_01,1,23425,2025000000,人,18076
0004050397,2025_01,1,23427,2025000000,人,2191
0004050397,2025_01,1,23441,2025000000,人,13446
0004050397,2025_01,1,23442,2025000000,人,24275
0004050397,2025_01,1,23445,2025000000,人,6999
0004050397,2025_01,1,23446,2025000000,人,10182
0004050397,2025_01,1,23447,2025000000,人,21657
0004050397,2025_01,1,23501,2025000000,人,21048
0004050397,2025_01,1,23561,2025000000,人,2016
0004050397,2025_01,1,23562,2025000000,人,1202
0004050397,2025_01,1,23563,2025000000,人,408
0004050397,2025_01,1,24000,2025000000,人,828118
0004050397,2025_01,1,24201,2025000000,人,128648
0004050397,2025_01,1,24202,2025000000,人,151643
0004050397,2025_01,1,24203,2025000000,人,54663
0004050397,2025_01,1,24204,2025000000,人,71962
0004050397,2025_01,1,24205,2025000000,人,66001
0004050397,2025_01,1,24207,2025000000,人,94374
0004050397,2025_01,1,24208,2025000000,人,34590
0004050397,2025_01,1,24209,2025000000,人,6548
0004050397,2025_01,1,24210,2025000000,人,24898
0004050397,2025_01,1,24211,2025000000,人,7124
0004050397,2025_01,1,24212,2025000000,人,6482
0004050397,2025_01,1,24214,2025000000,人,22789
0004050397,2025_01,1,24215,2025000000,人,18683
0004050397,2025_01,1,24216,2025000000,人,40013
0004050397,2025_01,1,24303,2025000000,人,2940
0004050397,2025_01,1,24324,2025000000,人,12363
0004050397,2025_01,1,24341,2025000000,人,19384
0004050397,2025_01,1,24343,2025000000,人,5445
0004050397,2025_01,1,24344,2025000000,人,8067
0004050397,2025_01,1,24441,2025000000,人,6161
0004050397,2025_01,1,24442,2025000000,人,10155
0004050397,2025_01,1,24443,2025000000,人,3706
0004050397,2025_01,1,24461,2025000000,人,6877
0004050397,2025_01,1,24470,2025000000,人,3478
0004050397,2025_01,1,24471,2025000000,人,3065
0004050397,2025_01,1,24472,2025000000,人,4272
0004050397,2025_01,1,24543,2025000000,人,5882
0004050397,2025_01,1,24561,2025000000,人,3437
0004050397,2025_01,1,24562,2025000000,人,4468
0004050397,2025_01,1,25000,2025000000,人,686048
0004050397,2025_01,1,25201,2025000000,人,164824
0004050397,2025_01,1,25202,2025000000,人,55489
0004050397,2025_01,1,25203,2025000000,人,52652
0004050397,2025_01,1,25204,2025000000,人,38801
0004050397,2025_01,1,25206,2025000000,人,74787
0004050397,2025_01,1,25207,2025000000,人,41390
0004050397,2025_01,1,25208,2025000000,人,34209
0004050397,2025_01,1,25209,2025000000,人,42483
0004050397,2025_01,1,25210,2025000000,人,24865
0004050397,2025_01,1,25211,2025000000,人,27849
0004050397,2025_01,1,25212,2025000000,人,21071
0004050397,2025_01,1,25213,2025000000,人,54908
0004050397,2025_01,1,25214,2025000000,人,17251
0004050397,2025_01,1,25383,2025000000,人,10146
0004050397,2025_01,1,25384,2025000000,人,5678
0004050397,2025_01,1,25425,2025000000,人,10202
0004050397,2025_01,1,25441,2025000000,人,3303
0004050397,2025_01,1,25442,2025000000,人,2766
0004050397,2025_01,1,25443,2025000000,人,3374
0004050397,2025_01,1,26000,2025000000,人,1191004
0004050397,2025_01,1,26100,2025000000,人,674417
0004050397,2025_01,1,26101,2025000000,人,54133
0004050397,2025_01,1,26102,2025000000,人,38147
0004050397,2025_01,1,26103,2025000000,人,77800
0004050397,2025_01,1,26104,2025000000,人,50709
0004050397,2025_01,1,26105,2025000000,人,15464
0004050397,2025_01,1,26106,2025000000,人,38768
0004050397,2025_01,1,26107,2025000000,人,51048
0004050397,2025_01,1,26108,2025000000,人,91422
0004050397,2025_01,1,26109,2025000000,人,129465
0004050397,2025_01,1,26110,2025000000,人,59647
0004050397,2025_01,1,26111,2025000000,人,67814
0004050397,2025_01,1,26201,2025000000,人,36793
0004050397,2025_01,1,26202,2025000000,人,36178
0004050397,2025_01,1,26203,2025000000,人,14337
0004050397,2025_01,1,26204,2025000000,人,82462
0004050397,2025_01,1,26205,2025000000,人,7119
0004050397,2025_01,1,26206,2025000000,人,40015
0004050397,2025_01,1,26207,2025000000,人,34365
0004050397,2025_01,1,26208,2025000000,人,26236
0004050397,2025_01,1,26209,2025000000,人,39267
0004050397,2025_01,1,26210,2025000000,人,32711
0004050397,2025_01,1,26211,2025000000,人,36210
0004050397,2025_01,1,26212,2025000000,人,22361
0004050397,2025_01,1,26213,2025000000,人,14642
0004050397,2025_01,1,26214,2025000000,人,37120
0004050397,2025_01,1,26303,2025000000,人,7631
0004050397,2025_01,1,26322,2025000000,人,7186
0004050397,2025_01,1,26343,2025000000,人,3455
0004050397,2025_01,1,26344,2025000000,人,4358
0004050397,2025_01,1,26364,2025000000,人,445
0004050397,2025_01,1,26365,2025000000,人,1379
0004050397,2025_01,1,26366,2025000000,人,16465
0004050397,2025_01,1,26367,2025000000,人,1010
0004050397,2025_01,1,26407,2025000000,人,5405
0004050397,2025_01,1,26463,2025000000,人,837
0004050397,2025_01,1,26465,2025000000,人,8600
0004050397,2025_01,1,27000,2025000000,人,4179849
0004050397,2025_01,1,27100,2025000000,人,1347197
0004050397,2025_01,1,27102,2025000000,人,52774
0004050397,2025_01,1,27103,2025000000,人,40006
0004050397,2025_01,1,27104,2025000000,人,30036
0004050397,2025_01,1,27106,2025000000,人,54195
0004050397,2025_01,1,27107,2025000000,人,39038
0004050397,2025_01,1,27108,2025000000,人,29180
0004050397,2025_01,1,27109,2025000000,人,40475
0004050397,2025_01,1,27111,2025000000,人,43766
0004050397,2025_01,1,27113,2025000000,人,47261
0004050397,2025_01,1,27114,2025000000,人,87238
0004050397,2025_01,1,27115,2025000000,人,41713
0004050397,2025_01,1,27116,2025000000,人,61377
0004050397,2025_01,1,27117,2025000000,人,43201
0004050397,2025_01,1,27118,2025000000,人,80194
0004050397,2025_01,1,27119,2025000000,人,51734
0004050397,2025_01,1,27120,2025000000,人,69605
0004050397,2025_01,1,27121,2025000000,人,61652
0004050397,2025_01,1,27122,2025000000,人,58158
0004050397,2025_01,1,27123,2025000000,人,94421
0004050397,2025_01,1,27124,2025000000,人,51816
0004050397,2025_01,1,27125,2025000000,人,55184
0004050397,2025_01,1,27126,2025000000,人,85621
0004050397,2025_01,1,27127,2025000000,人,72617
0004050397,2025_01,1,27128,2025000000,人,55935
0004050397,2025_01,1,27140,2025000000,人,380946
0004050397,2025_01,1,27141,2025000000,人,74002
0004050397,2025_01,1,27142,2025000000,人,55017
0004050397,2025_01,1,27143,2025000000,人,39775
0004050397,2025_01,1,27144,2025000000,人,62718
0004050397,2025_01,1,27145,2025000000,人,58668
0004050397,2025_01,1,27146,2025000000,人,73483
0004050397,2025_01,1,27147,2025000000,人,17283
0004050397,2025_01,1,27202,2025000000,人,87634
0004050397,2025_01,1,27203,2025000000,人,190802
0004050397,2025_01,1,27204,2025000000,人,49124
0004050397,2025_01,1,27205,2025000000,人,187994
0004050397,2025_01,1,27206,2025000000,人,33721
0004050397,2025_01,1,27207,2025000000,人,163715
0004050397,2025_01,1,27208,2025000000,人,37492
0004050397,2025_01,1,27209,2025000000,人,67938
0004050397,2025_01,1,27210,2025000000,人,182471
0004050397,2025_01,1,27211,2025000000,人,137320
0004050397,2025_01,1,27212,2025000000,人,121531
0004050397,2025_01,1,27213,2025000000,人,48029
0004050397,2025_01,1,27214,2025000000,人,48150
0004050397,2025_01,1,27215,2025000000,人,106421
0004050397,2025_01,1,27216,2025000000,人,44008
0004050397,2025_01,1,27217,2025000000,人,54831
0004050397,2025_01,1,27218,2025000000,人,55034
0004050397,2025_01,1,27219,2025000000,人,87156
0004050397,2025_01,1,27220,2025000000,人,66604
0004050397,2025_01,1,27221,2025000000,人,31400
0004050397,2025_01,1,27222,2025000000,人,48870
0004050397,2025_01,1,27223,2025000000,人,54312
0004050397,2025_01,1,27224,2025000000,人,42400
0004050397,2025_01,1,27225,2025000000,人,25204
0004050397,2025_01,1,27226,2025000000,人,28709
0004050397,2025_01,1,27227,2025000000,人,233945
0004050397,2025_01,1,27228,2025000000,人,26628
0004050397,2025_01,1,27229,2025000000,人,25755
0004050397,2025_01,1,27230,2025000000,人,35848
0004050397,2025_01,1,27231,2025000000,人,26809
0004050397,2025_01,1,27232,2025000000,人,22474
0004050397,2025_01,1,27301,2025000000,人,14802
0004050397,2025_01,1,27321,2025000000,人,7905
0004050397,2025_01,1,27322,2025000000,人,3775
0004050397,2025_01,1,27341,2025000000,人,7506
0004050397,2025_01,1,27361,2025000000,人,20404
0004050397,2025_01,1,27362,2025000000,人,4034
0004050397,2025_01,1,27366,2025000000,人,6041
0004050397,2025_01,1,27381,2025000000,人,5857
0004050397,2025_01,1,27382,2025000000,人,7056
0004050397,2025_01,1,27383,2025000000,人,1997
0004050397,2025_01,1,28000,2025000000,人,2524791
0004050397,2025_01,1,28100,2025000000,人,702118
0004050397,2025_01,1,28101,2025000000,人,98472
0004050397,2025_01,1,28102,2025000000,人,63731
0004050397,2025_01,1,28105,2025000000,人,54107
0004050397,2025_01,1,28106,2025000000,人,43877
0004050397,2025_01,1,28107,2025000000,人,70255
0004050397,2025_01,1,28108,2025000000,人,95320
0004050397,2025_01,1,28109,2025000000,人,96015
0004050397,2025_01,1,28110,2025000000,人,70496
0004050397,2025_01,1,28111,2025000000,人,109845
0004050397,2025_01,1,28201,2025000000,人,250792
0004050397,2025_01,1,28202,2025000000,人,218672
0004050397,2025_01,1,28203,2025000000,人,147926
0004050397,2025_01,1,28204,2025000000,人,223337
0004050397,2025_01,1,28205,2025000000,人,18485
0004050397,2025_01,1,28206,2025000000,人,40672
0004050397,2025_01,1,28207,2025000000,人,93043
0004050397,2025_01,1,28208,2025000000,人,12570
0004050397,2025_01,1,28209,2025000000,人,34406
0004050397,2025_01,1,28210,2025000000,人,123125
0004050397,2025_01,1,28212,2025000000,人,20523
0004050397,2025_01,1,28213,2025000000,人,17187
0004050397,2025_01,1,28214,2025000000,人,98984
0004050397,2025_01,1,28215,2025000000,人,34171
0004050397,2025_01,1,28216,2025000000,人,40316
0004050397,2025_01,1,28217,2025000000,人,70083
0004050397,2025_01,1,28218,2025000000,人,22501
0004050397,2025_01,1,28219,2025000000,人,50397
0004050397,2025_01,1,28220,2025000000,人,19834
0004050397,2025_01,1,28221,2025000000,人,17707
0004050397,2025_01,1,28222,2025000000,人,9470
0004050397,2025_01,1,28223,2025000000,人,27716
0004050397,2025_01,1,28224,2025000000,人,19641
0004050397,2025_01,1,28225,2025000000,人,12707
0004050397,2025_01,1,28226,2025000000,人,18719
0004050397,2025_01,1,28227,2025000000,人,14928
0004050397,2025_01,1,28228,2025000000,人,19674
0004050397,2025_01,1,28229,2025000000,人,33797
0004050397,2025_01,1,28301,2025000000,人,12840
0004050397,2025_01,1,28365,2025000000,人,8384
0004050397,2025_01,1,28381,2025000000,人,14274
0004050397,2025_01,1,28382,2025000000,人,16175
0004050397,2025_01,1,28442,2025000000,人,4824
0004050397,2025_01,1,28443,2025000000,人,8949
0004050397,2025_01,1,28446,2025000000,人,4460
0004050397,2025_01,1,28464,2025000000,人,15929
0004050397,2025_01,1,28481,2025000000,人,6238
0004050397,2025_01,1,28501,2025000000,人,6806
0004050397,2025_01,1,28585,2025000000,人,6632
0004050397,2025_01,1,28586,2025000000,人,5779
0004050397,2025_01,1,29000,2025000000,人,595302
0004050397,2025_01,1,29201,2025000000,人,155675
0004050397,2025_01,1,29202,2025000000,人,27760
0004050397,2025_01,1,29203,2025000000,人,38016
0004050397,2025_01,1,29204,2025000000,人,29136
0004050397,2025_01,1,29205,2025000000,人,55470
0004050397,2025_01,1,29206,2025000000,人,24601
0004050397,2025_01,1,29207,2025000000,人,11997
0004050397,2025_01,1,29208,2025000000,人,9944
0004050397,2025_01,1,29209,2025000000,人,54091
0004050397,2025_01,1,29210,2025000000,人,36520
0004050397,2025_01,1,29211,2025000000,人,17524
0004050397,2025_01,1,29212,2025000000,人,11939
0004050397,2025_01,1,29322,2025000000,人,1378
0004050397,2025_01,1,29342,2025000000,人,8117
0004050397,2025_01,1,29343,2025000000,人,10518
0004050397,2025_01,1,29344,2025000000,人,12736
0004050397,2025_01,1,29345,2025000000,人,3205
0004050397,2025_01,1,29361,2025000000,人,3693
0004050397,2025_01,1,29362,2025000000,人,2897
0004050397,2025_01,1,29363,2025000000,人,14524
0004050397,2025_01,1,29385,2025000000,人,517
0004050397,2025_01,1,29386,2025000000,人,575
0004050397,2025_01,1,29401,2025000000,人,2805
0004050397,2025_01,1,29402,2025000000,人,2279
0004050397,2025_01,1,29424,2025000000,人,9679
0004050397,2025_01,1,29425,2025000000,人,11105
0004050397,2025_01,1,29426,2025000000,人,15902
0004050397,2025_01,1,29427,2025000000,人,7326
0004050397,2025_01,1,29441,2025000000,人,2409
0004050397,2025_01,1,29442,2025000000,人,7154
0004050397,2025_01,1,29443,2025000000,人,1922
0004050397,2025_01,1,29444,2025000000,人,249
0004050397,2025_01,1,29446,2025000000,人,501
0004050397,2025_01,1,29447,2025000000,人,152
0004050397,2025_01,1,29449,2025000000,人,1378
0004050397,2025_01,1,29450,2025000000,人,360
0004050397,2025_01,1,29451,2025000000,人,200
0004050397,2025_01,1,29452,2025000000,人,450
0004050397,2025_01,1,29453,2025000000,人,598
0004050397,2025_01,1,30000,2025000000,人,407117
0004050397,2025_01,1,30201,2025000000,人,161049
0004050397,2025_01,1,30202,2025000000,人,20325
0004050397,2025_01,1,30203,2025000000,人,26822
0004050397,2025_01,1,30204,2025000000,人,10868
0004050397,2025_01,1,30205,2025000000,人,10122
0004050397,2025_01,1,30206,2025000000,人,30024
0004050397,2025_01,1,30207,2025000000,人,11321
0004050397,2025_01,1,30208,2025000000,人,26382
0004050397,2025_01,1,30209,2025000000,人,25585
0004050397,2025_01,1,30304,2025000000,人,3340
0004050397,2025_01,1,30341,2025000000,人,6807
0004050397,2025_01,1,30343,2025000000,人,1550
0004050397,2025_01,1,30344,2025000000,人,1325
0004050397,2025_01,1,30361,2025000000,人,4642
0004050397,2025_01,1,30362,2025000000,人,2880
0004050397,2025_01,1,30366,2025000000,人,11230
0004050397,2025_01,1,30381,2025000000,人,2810
0004050397,2025_01,1,30382,2025000000,人,3641
0004050397,2025_01,1,30383,2025000000,人,2309
0004050397,2025_01,1,30390,2025000000,人,3270
0004050397,2025_01,1,30391,2025000000,人,5089
0004050397,2025_01,1,30392,2025000000,人,4010
0004050397,2025_01,1,30401,2025000000,人,8580
0004050397,2025_01,1,30404,2025000000,人,7157
0004050397,2025_01,1,30406,2025000000,人,1537
0004050397,2025_01,1,30421,2025000000,人,5937
0004050397,2025_01,1,30422,2025000000,人,1206
0004050397,2025_01,1,30424,2025000000,人,1005
0004050397,2025_01,1,30427,2025000000,人,166
0004050397,2025_01,1,30428,2025000000,人,6128
0004050397,2025_01,1,31000,2025000000,人,250541
0004050397,2025_01,1,31201,2025000000,人,87061
0004050397,2025_01,1,31202,2025000000,人,67915
0004050397,2025_01,1,31203,2025000000,人,20395
0004050397,2025_01,1,31204,2025000000,人,14818
0004050397,2025_01,1,31302,2025000000,人,4846
0004050397,2025_01,1,31325,2025000000,人,1109
0004050397,2025_01,1,31328,2025000000,人,2615
0004050397,2025_01,1,31329,2025000000,人,6935
0004050397,2025_01,1,31364,2025000000,人,2590
0004050397,2025_01,1,31370,2025000000,人,7376
0004050397,2025_01,1,31371,2025000000,人,6982
0004050397,2025_01,1,31372,2025000000,人,6476
0004050397,2025_01,1,31384,2025000000,人,1642
0004050397,2025_01,1,31386,2025000000,人,6630
0004050397,2025_01,1,31389,2025000000,人,4549
0004050397,2025_01,1,31390,2025000000,人,4650
0004050397,2025_01,1,31401,2025000000,人,1721
0004050397,2025_01,1,31402,2025000000,人,1137
0004050397,2025_01,1,31403,2025000000,人,1094
0004050397,2025_01,1,32000,2025000000,人,304148
0004050397,2025_01,1,32201,2025000000,人,93685
0004050397,2025_01,1,32202,2025000000,人,24021
0004050397,2025_01,1,32203,2025000000,人,82000
0004050397,2025_01,1,32204,2025000000,人,19706
0004050397,2025_01,1,32205,2025000000,人,14373
0004050397,2025_01,1,32206,2025000000,人,16094
0004050397,2025_01,1,32207,2025000000,人,9670
0004050397,2025_01,1,32209,2025000000,人,15803
0004050397,2025_01,1,32343,2025000000,人,4965
0004050397,2025_01,1,32386,2025000000,人,1968
0004050397,2025_01,1,32441,2025000000,人,1405
0004050397,2025_01,1,32448,2025000000,人,1839
0004050397,2025_01,1,32449,2025000000,人,4409
0004050397,2025_01,1,32501,2025000000,人,2871
0004050397,2025_01,1,32505,2025000000,人,2581
0004050397,2025_01,1,32525,2025000000,人,1126
0004050397,2025_01,1,32526,2025000000,人,1209
0004050397,2025_01,1,32527,2025000000,人,300
0004050397,2025_01,1,32528,2025000000,人,6123
0004050397,2025_01,1,33000,2025000000,人,868734
0004050397,2025_01,1,33100,2025000000,人,340150
0004050397,2025_01,1,33101,2025000000,人,151790
0004050397,2025_01,1,33102,2025000000,人,68253
0004050397,2025_01,1,33103,2025000000,人,42000
0004050397,2025_01,1,33104,2025000000,人,78107
0004050397,2025_01,1,33202,2025000000,人,221819
0004050397,2025_01,1,33203,2025000000,人,44469
0004050397,2025_01,1,33204,2025000000,人,25128
0004050397,2025_01,1,33205,2025000000,人,19664
0004050397,2025_01,1,33207,2025000000,人,16836
0004050397,2025_01,1,33208,2025000000,人,33191
0004050397,2025_01,1,33209,2025000000,人,12516
0004050397,2025_01,1,33210,2025000000,人,11833
0004050397,2025_01,1,33211,2025000000,人,13732
0004050397,2025_01,1,33212,2025000000,人,16686
0004050397,2025_01,1,33213,2025000000,人,19546
0004050397,2025_01,1,33214,2025000000,人,18495
0004050397,2025_01,1,33215,2025000000,人,11150
0004050397,2025_01,1,33216,2025000000,人,14568
0004050397,2025_01,1,33346,2025000000,人,5898
0004050397,2025_01,1,33423,2025000000,人,6030
0004050397,2025_01,1,33445,2025000000,人,5012
0004050397,2025_01,1,33461,2025000000,人,5947
0004050397,2025_01,1,33586,2025000000,人,350
0004050397,2025_01,1,33606,2025000000,人,5391
0004050397,2025_01,1,33622,2025000000,人,4970
0004050397,2025_01,1,33623,2025000000,人,2485
0004050397,2025_01,1,33643,2025000000,人,599
0004050397,2025_01,1,33663,2025000000,人,1910
0004050397,2025_01,1,33666,2025000000,人,5572
0004050397,2025_01,1,33681,2025000000,人,4787
0004050397,2025_01,1,34000,2025000000,人,1301136
0004050397,2025_01,1,34100,2025000000,人,564288
0004050397,2025_01,1,34101,2025000000,人,68037
0004050397,2025_01,1,34102,2025000000,人,55013
0004050397,2025_01,1,34103,2025000000,人,70099
0004050397,2025_01,1,34104,2025000000,人,89019
0004050397,2025_01,1,34105,2025000000,人,118092
0004050397,2025_01,1,34106,2025000000,人,61543
0004050397,2025_01,1,34107,2025000000,人,35798
0004050397,2025_01,1,34108,2025000000,人,66687
0004050397,2025_01,1,34202,2025000000,人,92891
0004050397,2025_01,1,34203,2025000000,人,10374
0004050397,2025_01,1,34204,2025000000,人,40263
0004050397,2025_01,1,34205,2025000000,人,58711
0004050397,2025_01,1,34207,2025000000,人,213821
0004050397,2025_01,1,34208,2025000000,人,16035
0004050397,2025_01,1,34209,2025000000,人,22475
0004050397,2025_01,1,34210,2025000000,人,14151
0004050397,2025_01,1,34211,2025000000,人,12015
0004050397,2025_01,1,34212,2025000000,人,100950
0004050397,2025_01,1,34213,2025000000,人,53418
0004050397,2025_01,1,34214,2025000000,人,11854
0004050397,2025_01,1,34215,2025000000,人,9999
0004050397,2025_01,1,34302,2025000000,人,24907
0004050397,2025_01,1,34304,2025000000,人,14797
0004050397,2025_01,1,34307,2025000000,人,10773
0004050397,2025_01,1,34309,2025000000,人,5726
0004050397,2025_01,1,34368,2025000000,人,2381
0004050397,2025_01,1,34369,2025000000,人,7942
0004050397,2025_01,1,34431,2025000000,人,3424
0004050397,2025_01,1,34462,2025000000,人,6459
0004050397,2025_01,1,34545,2025000000,人,3482
0004050397,2025_01,1,35000,2025000000,人,601651
0004050397,2025_01,1,35201,2025000000,人,110854
0004050397,2025_01,1,35202,2025000000,人,72967
0004050397,2025_01,1,35203,2025000000,人,91227
0004050397,2025_01,1,35204,2025000000,人,18374
0004050397,2025_01,1,35206,2025000000,人,53278
0004050397,2025_01,1,35207,2025000000,人,27028
0004050397,2025_01,1,35208,2025000000,人,56597
0004050397,2025_01,1,35210,2025000000,人,22067
0004050397,2025_01,1,35211,2025000000,人,13316
0004050397,2025_01,1,35212,2025000000,人,13357
0004050397,2025_01,1,35213,2025000000,人,9444
0004050397,2025_01,1,35215,2025000000,人,63976
0004050397,2025_01,1,35216,2025000000,人,26939
0004050397,2025_01,1,35305,2025000000,人,5987
0004050397,2025_01,1,35321,2025000000,人,2651
0004050397,2025_01,1,35341,2025000000,人,908
0004050397,2025_01,1,35343,2025000000,人,6422
0004050397,2025_01,1,35344,2025000000,人,5030
0004050397,2025_01,1,35502,2025000000,人,1229
0004050397,2025_01,1,36000,2025000000,人,323052
0004050397,2025_01,1,36201,2025000000,人,114645
0004050397,2025_01,1,36202,2025000000,人,24238
0004050397,2025_01,1,36203,2025000000,人,16544
0004050397,2025_01,1,36204,2025000000,人,31448
0004050397,2025_01,1,36205,2025000000,人,16740
0004050397,2025_01,1,36206,2025000000,人,15040
0004050397,2025_01,1,36207,2025000000,人,12269
0004050397,2025_01,1,36208,2025000000,人,9852
0004050397,2025_01,1,36301,2025000000,人,2013
0004050397,2025_01,1,36302,2025000000,人,557
0004050397,2025_01,1,36321,2025000000,人,903
0004050397,2025_01,1,36341,2025000000,人,11189
0004050397,2025_01,1,36342,2025000000,人,2000
0004050397,2025_01,1,36368,2025000000,人,3017
0004050397,2025_01,1,36383,2025000000,人,1446
0004050397,2025_01,1,36387,2025000000,人,2563
0004050397,2025_01,1,36388,2025000000,人,3487
0004050397,2025_01,1,36401,2025000000,人,7012
0004050397,2025_01,1,36402,2025000000,人,11069
0004050397,2025_01,1,36403,2025000000,人,16760
0004050397,2025_01,1,36404,2025000000,人,5974
0004050397,2025_01,1,36405,2025000000,人,5036
0004050397,2025_01,1,36468,2025000000,人,3133
0004050397,2025_01,1,36489,2025000000,人,6117
0004050397,2025_01,1,37000,2025000000,人,439187
0004050397,2025_01,1,37201,2025000000,人,196887
0004050397,2025_01,1,37202,2025000000,人,51884
0004050397,2025_01,1,37203,2025000000,人,23012
0004050397,2025_01,1,37204,2025000000,人,14832
0004050397,2025_01,1,37205,2025000000,人,26163
0004050397,2025_01,1,37206,2025000000,人,20378
0004050397,2025_01,1,37207,2025000000,人,11996
0004050397,2025_01,1,37208,2025000000,人,27000
0004050397,2025_01,1,37322,2025000000,人,5416
0004050397,2025_01,1,37324,2025000000,人,5967
0004050397,2025_01,1,37341,2025000000,人,12358
0004050397,2025_01,1,37364,2025000000,人,1567
0004050397,2025_01,1,37386,2025000000,人,9096
0004050397,2025_01,1,37387,2025000000,人,10405
0004050397,2025_01,1,37403,2025000000,人,3553
0004050397,2025_01,1,37404,2025000000,人,10931
0004050397,2025_01,1,37406,2025000000,人,7742
0004050397,2025_01,1,38000,2025000000,人,599327
0004050397,2025_01,1,38201,2025000000,人,233796
0004050397,2025_01,1,38202,2025000000,人,67552
0004050397,2025_01,1,38203,2025000000,人,29485
0004050397,2025_01,1,38204,2025000000,人,13377
0004050397,2025_01,1,38205,2025000000,人,52566
0004050397,2025_01,1,38206,2025000000,人,47905
0004050397,2025_01,1,38207,2025000000,人,18045
0004050397,2025_01,1,38210,2025000000,人,15685
0004050397,2025_01,1,38213,2025000000,人,37890
0004050397,2025_01,1,38214,2025000000,人,14998
0004050397,2025_01,1,38215,2025000000,人,15750
0004050397,2025_01,1,38356,2025000000,人,3073
0004050397,2025_01,1,38386,2025000000,人,3043
0004050397,2025_01,1,38401,2025000000,人,13586
0004050397,2025_01,1,38402,2025000000,人,9053
0004050397,2025_01,1,38422,2025000000,人,6559
0004050397,2025_01,1,38442,2025000000,人,3419
0004050397,2025_01,1,38484,2025000000,人,1550
0004050397,2025_01,1,38488,2025000000,人,3992
0004050397,2025_01,1,38506,2025000000,人,8003
0004050397,2025_01,1,39000,2025000000,人,304171
0004050397,2025_01,1,39201,2025000000,人,144497
0004050397,2025_01,1,39202,2025000000,人,4575
0004050397,2025_01,1,39203,2025000000,人,6929
0004050397,2025_01,1,39204,2025000000,人,21589
0004050397,2025_01,1,39205,2025000000,人,11548
0004050397,2025_01,1,39206,2025000000,人,9023
0004050397,2025_01,1,39208,2025000000,人,8110
0004050397,2025_01,1,39209,2025000000,人,4882
0004050397,2025_01,1,39210,2025000000,人,14355
0004050397,2025_01,1,39211,2025000000,人,15094
0004050397,2025_01,1,39212,2025000000,人,11959
0004050397,2025_01,1,39301,2025000000,人,927
0004050397,2025_01,1,39302,2025000000,人,1264
0004050397,2025_01,1,39303,2025000000,人,1062
0004050397,2025_01,1,39304,2025000000,人,990
0004050397,2025_01,1,39305,2025000000,人,550
0004050397,2025_01,1,39306,2025000000,人,311
0004050397,2025_01,1,39307,2025000000,人,1681
0004050397,2025_01,1,39341,2025000000,人,1451
0004050397,2025_01,1,39344,2025000000,人,1311
0004050397,2025_01,1,39363,2025000000,人,1695
0004050397,2025_01,1,39364,2025000000,人,174
0004050397,2025_01,1,39386,2025000000,人,9341
0004050397,2025_01,1,39387,2025000000,人,1962
0004050397,2025_01,1,39401,2025000000,人,2462
0004050397,2025_01,1,39402,2025000000,人,5261
0004050397,2025_01,1,39403,2025000000,人,2053
0004050397,2025_01,1,39405,2025000000,人,1403
0004050397,2025_01,1,39410,2025000000,人,2065
0004050397,2025_01,1,39411,2025000000,人,2219
0004050397,2025_01,1,39412,2025000000,人,6644
0004050397,2025_01,1,39424,2025000000,人,1899
0004050397,2025_01,1,39427,2025000000,人,614
0004050397,2025_01,1,39428,2025000000,人,4271
0004050397,2025_01,1,40000,2025000000,人,2407363
0004050397,2025_01,1,40100,2025000000,人,427673
0004050397,2025_01,1,40101,2025000000,人,40220
0004050397,2025_01,1,40103,2025000000,人,36731
0004050397,2025_01,1,40105,2025000000,人,26212
0004050397,2025_01,1,40106,2025000000,人,84415
0004050397,2025_01,1,40107,2025000000,人,96603
0004050397,2025_01,1,40108,2025000000,人,28833
0004050397,2025_01,1,40109,2025000000,人,114659
0004050397,2025_01,1,40130,2025000000,人,784735
0004050397,2025_01,1,40131,2025000000,人,164479
0004050397,2025_01,1,40132,2025000000,人,126412
0004050397,2025_01,1,40133,2025000000,人,98031
0004050397,2025_01,1,40134,2025000000,人,125139
0004050397,2025_01,1,40135,2025000000,人,102034
0004050397,2025_01,1,40136,2025000000,人,62983
0004050397,2025_01,1,40137,2025000000,人,105657
0004050397,2025_01,1,40202,2025000000,人,47231
0004050397,2025_01,1,40203,2025000000,人,141010
0004050397,2025_01,1,40204,2025000000,人,25213
0004050397,2025_01,1,40205,2025000000,人,58610
0004050397,2025_01,1,40206,2025000000,人,20102
0004050397,2025_01,1,40207,2025000000,人,28672
0004050397,2025_01,1,40210,2025000000,人,27158
0004050397,2025_01,1,40211,2025000000,人,22896
0004050397,2025_01,1,40212,2025000000,人,13818
0004050397,2025_01,1,40213,2025000000,人,33872
0004050397,2025_01,1,40214,2025000000,人,10368
0004050397,2025_01,1,40215,2025000000,人,18070
0004050397,2025_01,1,40216,2025000000,人,27640
0004050397,2025_01,1,40217,2025000000,人,50479
0004050397,2025_01,1,40218,2025000000,人,51810
0004050397,2025_01,1,40219,2025000000,人,49417
0004050397,2025_01,1,40220,2025000000,人,46081
0004050397,2025_01,1,40221,2025000000,人,34664
0004050397,2025_01,1,40223,2025000000,人,27770
0004050397,2025_01,1,40224,2025000000,人,32368
0004050397,2025_01,1,40225,2025000000,人,12207
0004050397,2025_01,1,40226,2025000000,人,11441
0004050397,2025_01,1,40227,2025000000,人,14754
0004050397,2025_01,1,40228,2025000000,人,22423
0004050397,2025_01,1,40229,2025000000,人,15380
0004050397,2025_01,1,40230,2025000000,人,47978
0004050397,2025_01,1,40231,2025000000,人,22815
0004050397,2025_01,1,40341,2025000000,人,18641
0004050397,2025_01,1,40342,2025000000,人,14955
0004050397,2025_01,1,40343,2025000000,人,21795
0004050397,2025_01,1,40344,2025000000,人,13981
0004050397,2025_01,1,40345,2025000000,人,15513
0004050397,2025_01,1,40348,2025000000,人,4400
0004050397,2025_01,1,40349,2025000000,人,23966
0004050397,2025_01,1,40381,2025000000,人,5900
0004050397,2025_01,1,40382,2025000000,人,12956
0004050397,2025_01,1,40383,2025000000,人,14288
0004050397,2025_01,1,40384,2025000000,人,8635
0004050397,2025_01,1,40401,2025000000,人,3128
0004050397,2025_01,1,40402,2025000000,人,6598
0004050397,2025_01,1,40421,2025000000,人,5746
0004050397,2025_01,1,40447,2025000000,人,14735
0004050397,2025_01,1,40448,2025000000,人,746
0004050397,2025_01,1,40503,2025000000,人,7554
0004050397,2025_01,1,40522,2025000000,人,6253
0004050397,2025_01,1,40544,2025000000,人,9272
0004050397,2025_01,1,40601,2025000000,人,4364
0004050397,2025_01,1,40602,2025000000,人,3586
0004050397,2025_01,1,40604,2025000000,人,3501
0004050397,2025_01,1,40605,2025000000,人,6177
0004050397,2025_01,1,40608,2025000000,人,2140
0004050397,2025_01,1,40609,2025000000,人,1159
0004050397,2025_01,1,40610,2025000000,人,9326
0004050397,2025_01,1,40621,2025000000,人,19949
0004050397,2025_01,1,40625,2025000000,人,7923
0004050397,2025_01,1,40642,2025000000,人,3007
0004050397,2025_01,1,40646,2025000000,人,3154
0004050397,2025_01,1,40647,2025000000,人,7360
0004050397,2025_01,1,41000,2025000000,人,371728
0004050397,2025_01,1,41201,2025000000,人,108137
0004050397,2025_01,1,41202,2025000000,人,51786
0004050397,2025_01,1,41203,2025000000,人,35799
0004050397,2025_01,1,41204,2025000000,人,7891
0004050397,2025_01,1,41205,2025000000,人,24318
0004050397,2025_01,1,41206,2025000000,人,21735
0004050397,2025_01,1,41207,2025000000,人,12318
0004050397,2025_01,1,41208,2025000000,人,20584
0004050397,2025_01,1,41209,2025000000,人,11339
0004050397,2025_01,1,41210,2025000000,人,14148
0004050397,2025_01,1,41327,2025000000,人,8022
0004050397,2025_01,1,41341,2025000000,人,8207
0004050397,2025_01,1,41345,2025000000,人,4455
0004050397,2025_01,1,41346,2025000000,人,12225
0004050397,2025_01,1,41387,2025000000,人,2401
0004050397,2025_01,1,41401,2025000000,人,8247
0004050397,2025_01,1,41423,2025000000,人,2656
0004050397,2025_01,1,41424,2025000000,人,4493
0004050397,2025_01,1,41425,2025000000,人,9533
0004050397,2025_01,1,41441,2025000000,人,3434
0004050397,2025_01,1,42000,2025000000,人,581631
0004050397,2025_01,1,42201,2025000000,人,176328
0004050397,2025_01,1,42202,2025000000,人,107054
0004050397,2025_01,1,42203,2025000000,人,18803
0004050397,2025_01,1,42204,2025000000,人,62453
0004050397,2025_01,1,42205,2025000000,人,46704
0004050397,2025_01,1,42207,2025000000,人,12525
0004050397,2025_01,1,42208,2025000000,人,9265
0004050397,2025_01,1,42209,2025000000,人,12593
0004050397,2025_01,1,42210,2025000000,人,10721
0004050397,2025_01,1,42211,2025000000,人,14893
0004050397,2025_01,1,42212,2025000000,人,11850
0004050397,2025_01,1,42213,2025000000,人,18241
0004050397,2025_01,1,42214,2025000000,人,17387
0004050397,2025_01,1,42307,2025000000,人,18183
0004050397,2025_01,1,42308,2025000000,人,13972
0004050397,2025_01,1,42321,2025000000,人,3406
0004050397,2025_01,1,42322,2025000000,人,5781
0004050397,2025_01,1,42323,2025000000,人,6518
0004050397,2025_01,1,42383,2025000000,人,947
0004050397,2025_01,1,42391,2025000000,人,6534
0004050397,2025_01,1,42411,2025000000,人,7473
0004050397,2025_01,1,43000,2025000000,人,796653
0004050397,2025_01,1,43100,2025000000,人,345407
0004050397,2025_01,1,43101,2025000000,人,87540
0004050397,2025_01,1,43102,2025000000,人,89662
0004050397,2025_01,1,43103,2025000000,人,41912
0004050397,2025_01,1,43104,2025000000,人,62138
0004050397,2025_01,1,43105,2025000000,人,64155
0004050397,2025_01,1,43202,2025000000,人,53508
0004050397,2025_01,1,43203,2025000000,人,13431
0004050397,2025_01,1,43204,2025000000,人,22243
0004050397,2025_01,1,43205,2025000000,人,9638
0004050397,2025_01,1,43206,2025000000,人,28858
0004050397,2025_01,1,43208,2025000000,人,21472
0004050397,2025_01,1,43210,2025000000,人,21360
0004050397,2025_01,1,43211,2025000000,人,16568
0004050397,2025_01,1,43212,2025000000,人,10121
0004050397,2025_01,1,43213,2025000000,人,25982
0004050397,2025_01,1,43214,2025000000,人,10804
0004050397,2025_01,1,43215,2025000000,人,32148
0004050397,2025_01,1,43216,2025000000,人,31130
0004050397,2025_01,1,43348,2025000000,人,3788
0004050397,2025_01,1,43364,2025000000,人,2327
0004050397,2025_01,1,43367,2025000000,人,3900
0004050397,2025_01,1,43368,2025000000,人,7378
0004050397,2025_01,1,43369,2025000000,人,4041
0004050397,2025_01,1,43403,2025000000,人,18776
0004050397,2025_01,1,43404,2025000000,人,22070
0004050397,2025_01,1,43423,2025000000,人,1635
0004050397,2025_01,1,43424,2025000000,人,2796
0004050397,2025_01,1,43425,2025000000,人,626
0004050397,2025_01,1,43428,2025000000,人,2574
0004050397,2025_01,1,43432,2025000000,人,3368
0004050397,2025_01,1,43433,2025000000,人,4447
0004050397,2025_01,1,43441,2025000000,人,7931
0004050397,2025_01,1,43442,2025000000,人,4886
0004050397,2025_01,1,43443,2025000000,人,16041
0004050397,2025_01,1,43444,2025000000,人,4485
0004050397,2025_01,1,43447,2025000000,人,5603
0004050397,2025_01,1,43468,2025000000,人,4572
0004050397,2025_01,1,43482,2025000000,人,6554
0004050397,2025_01,1,43484,2025000000,人,1815
0004050397,2025_01,1,43501,2025000000,人,4568
0004050397,2025_01,1,43505,2025000000,人,3679
0004050397,2025_01,1,43506,2025000000,人,1539
0004050397,2025_01,1,43507,2025000000,人,836
0004050397,2025_01,1,43510,2025000000,人,1782
0004050397,2025_01,1,43511,2025000000,人,406
0004050397,2025_01,1,43512,2025000000,人,1355
0004050397,2025_01,1,43513,2025000000,人,1101
0004050397,2025_01,1,43514,2025000000,人,6155
0004050397,2025_01,1,43531,2025000000,人,2949
0004050397,2025_01,1,44000,2025000000,人,513847
0004050397,2025_01,1,44201,2025000000,人,226415
0004050397,2025_01,1,44202,2025000000,人,51189
0004050397,2025_01,1,44203,2025000000,人,39547
0004050397,2025_01,1,44204,2025000000,人,27517
0004050397,2025_01,1,44205,2025000000,人,28337
0004050397,2025_01,1,44206,2025000000,人,15412
0004050397,2025_01,1,44207,2025000000,人,6646
0004050397,2025_01,1,44208,2025000000,人,8319
0004050397,2025_01,1,44209,2025000000,人,10126
0004050397,2025_01,1,44210,2025000000,人,12297
0004050397,2025_01,1,44211,2025000000,人,23348
0004050397,2025_01,1,44212,2025000000,人,14347
0004050397,2025_01,1,44213,2025000000,人,15567
0004050397,2025_01,1,44214,2025000000,人,11443
0004050397,2025_01,1,44322,2025000000,人,709
0004050397,2025_01,1,44341,2025000000,人,12867
0004050397,2025_01,1,44461,2025000000,人,3541
0004050397,2025_01,1,44462,2025000000,人,6220
0004050397,2025_01,1,45000,2025000000,人,481252
0004050397,2025_01,1,45201,2025000000,人,183842
0004050397,2025_01,1,45202,2025000000,人,75381
0004050397,2025_01,1,45203,2025000000,人,52007
0004050397,2025_01,1,45204,2025000000,人,21626
0004050397,2025_01,1,45205,2025000000,人,18746
0004050397,2025_01,1,45206,2025000000,人,26602
0004050397,2025_01,1,45207,2025000000,人,6930
0004050397,2025_01,1,45208,2025000000,人,12497
0004050397,2025_01,1,45209,2025000000,人,7417
0004050397,2025_01,1,45341,2025000000,人,11639
0004050397,2025_01,1,45361,2025000000,人,3650
0004050397,2025_01,1,45382,2025000000,人,8216
0004050397,2025_01,1,45383,2025000000,人,3074
0004050397,2025_01,1,45401,2025000000,人,8995
0004050397,2025_01,1,45402,2025000000,人,7743
0004050397,2025_01,1,45403,2025000000,人,452
0004050397,2025_01,1,45404,2025000000,人,2054
0004050397,2025_01,1,45405,2025000000,人,6624
0004050397,2025_01,1,45406,2025000000,人,4425
0004050397,2025_01,1,45421,2025000000,人,7615
0004050397,2025_01,1,45429,2025000000,人,633
0004050397,2025_01,1,45430,2025000000,人,1121
0004050397,2025_01,1,45431,2025000000,人,1972
0004050397,2025_01,1,45441,2025000000,人,5011
0004050397,2025_01,1,45442,2025000000,人,1500
0004050397,2025_01,1,45443,2025000000,人,1480
0004050397,2025_01,1,46000,2025000000,人,715952
0004050397,2025_01,1,46201,2025000000,人,270610
0004050397,2025_01,1,46203,2025000000,人,45950
0004050397,2025_01,1,46204,2025000000,人,8248
0004050397,2025_01,1,46206,2025000000,人,8142
0004050397,2025_01,1,46208,2025000000,人,23316
0004050397,2025_01,1,46210,2025000000,人,16701
0004050397,2025_01,1,46213,2025000000,人,7277
0004050397,2025_01,1,46214,2025000000,人,5730
0004050397,2025_01,1,46215,2025000000,人,42696
0004050397,2025_01,1,46216,2025000000,人,21229
0004050397,2025_01,1,46217,2025000000,人,13949
0004050397,2025_01,1,46218,2025000000,人,58159
0004050397,2025_01,1,46219,2025000000,人,11985
0004050397,2025_01,1,46220,2025000000,人,14062
0004050397,2025_01,1,46221,2025000000,人,12961
0004050397,2025_01,1,46222,2025000000,人,18364
0004050397,2025_01,1,46223,2025000000,人,14129
0004050397,2025_01,1,46224,2025000000,人,9967
0004050397,2025_01,1,46225,2025000000,人,35994
0004050397,2025_01,1,46303,2025000000,人,185
0004050397,2025_01,1,46304,2025000000,人,360
0004050397,2025_01,1,46392,2025000000,人,8212
0004050397,2025_01,1,46404,2025000000,人,4206
0004050397,2025_01,1,46452,2025000000,人,4069
0004050397,2025_01,1,46468,2025000000,人,5327
0004050397,2025_01,1,46482,2025000000,人,2787
0004050397,2025_01,1,46490,2025000000,人,2737
0004050397,2025_01,1,46491,2025000000,人,2618
0004050397,2025_01,1,46492,2025000000,人,6283
0004050397,2025_01,1,46501,2025000000,人,3407
0004050397,2025_01,1,46502,2025000000,人,2520
0004050397,2025_01,1,46505,2025000000,人,5293
0004050397,2025_01,1,46523,2025000000,人,672
0004050397,2025_01,1,46524,2025000000,人,771
0004050397,2025_01,1,46525,2025000000,人,3822
0004050397,2025_01,1,46527,2025000000,人,2710
0004050397,2025_01,1,46529,2025000000,人,2938
0004050397,2025_01,1,46530,2025000000,人,4531
0004050397,2025_01,1,46531,2025000000,人,2628
0004050397,2025_01,1,46532,2025000000,人,2680
0004050397,2025_01,1,46533,2025000000,人,2807
0004050397,2025_01,1,46534,2025000000,人,2571
0004050397,2025_01,1,46535,2025000000,人,2349
0004050397,2025_01,1,47000,2025000000,人,722447
0004050397,2025_01,1,47201,2025000000,人,150544
0004050397,2025_01,1,47205,2025000000,人,48809
0004050397,2025_01,1,47207,2025000000,人,24160
0004050397,2025_01,1,47208,2025000000,人,55860
0004050397,2025_01,1,47209,2025000000,人,32897
0004050397,2025_01,1,47210,2025000000,人,30608
0004050397,2025_01,1,47211,2025000000,人,69027
0004050397,2025_01,1,47212,2025000000,人,31861
0004050397,2025_01,1,47213,2025000000,人,64475
0004050397,2025_01,1,47214,2025000000,人,26122
0004050397,2025_01,1,47215,2025000000,人,22742
0004050397,2025_01,1,47301,2025000000,人,2147
0004050397,2025_01,1,47302,2025000000,人,1504
0004050397,2025_01,1,47303,2025000000,人,838
0004050397,2025_01,1,47306,2025000000,人,4424
0004050397,2025_01,1,47308,2025000000,人,5996
0004050397,2025_01,1,47311,2025000000,人,5752
0004050397,2025_01,1,47313,2025000000,人,3169
0004050397,2025_01,1,47314,2025000000,人,5597
0004050397,2025_01,1,47315,2025000000,人,1914
0004050397,2025_01,1,47324,2025000000,人,20283
0004050397,2025_01,1,47325,2025000000,人,6401
0004050397,2025_01,1,47326,2025000000,人,13414
0004050397,2025_01,1,47327,2025000000,人,8664
0004050397,2025_01,1,47328,2025000000,人,11364
0004050397,2025_01,1,47329,2025000000,人,17803
0004050397,2025_01,1,47348,2025000000,人,9339
0004050397,2025_01,1,47350,2025000000,人,20231
0004050397,2025_01,1,47353,2025000000,人,346
0004050397,2025_01,1,47354,2025000000,人,445
0004050397,2025_01,1,47355,2025000000,人,350
0004050397,2025_01,1,47356,2025000000,人,139
0004050397,2025_01,1,47357,2025000000,人,688
0004050397,2025_01,1,47358,2025000000,人,352
0004050397,2025_01,1,47359,2025000000,人,572
0004050397,2025_01,1,47360,2025000000,人,639
0004050397,2025_01,1,47361,2025000000,人,3457
0004050397,2025_01,1,47362,2025000000,人,16056
0004050397,2025_01,1,47375,2025000000,人,522
0004050397,2025_01,1,47381,2025000000,人,2055
0004050397,2025_01,1,47382,2025000000,人,881
0004050397,2025_01,2,00000,2025000000,人,63270698
0004050397,2025_01,2,01000,2025000000,人,2629790
0004050397,2025_01,2,01100,2025000000,人,1049167
0004050397,2025_01,2,01101,2025000000,人,139290
0004050397,2025_01,2,01102,2025000000,人,150411
0004050397,2025_01,2,01103,2025000000,人,137002
0004050397,2025_01,2,01104,2025000000,人,111174
0004050397,2025_01,2,01105,2025000000,人,124125
0004050397,2025_01,2,01106,2025000000,人,71382
0004050397,2025_01,2,01107,2025000000,人,117563
0004050397,2025_01,2,01108,2025000000,人,66933
0004050397,2025_01,2,01109,2025000000,人,74094
0004050397,2025_01,2,01110,2025000000,人,57193
0004050397,2025_01,2,01202,2025000000,人,125945
0004050397,2025_01,2,01203,2025000000,人,55139
0004050397,2025_01,2,01204,2025000000,人,165250
0004050397,2025_01,2,01205,2025000000,人,37611
0004050397,2025_01,2,01206,2025000000,人,80561
0004050397,2025_01,2,01207,2025000000,人,84110
0004050397,2025_01,2,01208,2025000000,人,56369
0004050397,2025_01,2,01209,2025000000,人,2984
0004050397,2025_01,2,01210,2025000000,人,39033
0004050397,2025_01,2,01211,2025000000,人,16416
0004050397,2025_01,2,01212,2025000000,人,8917
0004050397,2025_01,2,01213,2025000000,人,83275
0004050397,2025_01,2,01214,2025000000,人,15126
0004050397,2025_01,2,01215,2025000000,人,9298
0004050397,2025_01,2,01216,2025000000,人,5675
0004050397,2025_01,2,01217,2025000000,人,62770
0004050397,2025_01,2,01218,2025000000,人,4518
0004050397,2025_01,2,01219,2025000000,人,10386
0004050397,2025_01,2,01220,2025000000,人,8272
0004050397,2025_01,2,01221,2025000000,人,12541
0004050397,2025_01,2,01222,2025000000,人,3690
0004050397,2025_01,2,01223,2025000000,人,11151
0004050397,2025_01,2,01224,2025000000,人,48105
0004050397,2025_01,2,01225,2025000000,人,18877
0004050397,2025_01,2,01226,2025000000,人,8055
0004050397,2025_01,2,01227,2025000000,人,1283
0004050397,2025_01,2,01228,2025000000,人,9553
0004050397,2025_01,2,01229,2025000000,人,10221
0004050397,2025_01,2,01230,2025000000,人,22050
0004050397,2025_01,2,01231,2025000000,人,36469
0004050397,2025_01,2,01233,2025000000,人,16292
0004050397,2025_01,2,01234,2025000000,人,29305
0004050397,2025_01,2,01235,2025000000,人,28994
0004050397,2025_01,2,01236,2025000000,人,21621
0004050397,2025_01,2,01303,2025000000,人,7677
0004050397,2025_01,2,01304,2025000000,人,1393
0004050397,2025_01,2,01331,2025000000,人,2843
0004050397,2025_01,2,01332,2025000000,人,1697
0004050397,2025_01,2,01333,2025000000,人,1844
0004050397,2025_01,2,01334,2025000000,人,1748
0004050397,2025_01,2,01337,2025000000,人,14434
0004050397,2025_01,2,01343,2025000000,人,1768
0004050397,2025_01,2,01345,2025000000,人,6914
0004050397,2025_01,2,01346,2025000000,人,7318
0004050397,2025_01,2,01347,2025000000,人,2371
0004050397,2025_01,2,01361,2025000000,人,3265
0004050397,2025_01,2,01362,2025000000,人,1982
0004050397,2025_01,2,01363,2025000000,人,1612
0004050397,2025_01,2,01364,2025000000,人,1592
0004050397,2025_01,2,01367,2025000000,人,962
0004050397,2025_01,2,01370,2025000000,人,2254
0004050397,2025_01,2,01371,2025000000,人,3369
0004050397,2025_01,2,01391,2025000000,人,580
0004050397,2025_01,2,01392,2025000000,人,1263
0004050397,2025_01,2,01393,2025000000,人,1269
0004050397,2025_01,2,01394,2025000000,人,2232
0004050397,2025_01,2,01395,2025000000,人,2599
0004050397,2025_01,2,01396,2025000000,人,934
0004050397,2025_01,2,01397,2025000000,人,908
0004050397,2025_01,2,01398,2025000000,人,944
0004050397,2025_01,2,01399,2025000000,人,1427
0004050397,2025_01,2,01400,2025000000,人,6796
0004050397,2025_01,2,01401,2025000000,人,2526
0004050397,2025_01,2,01402,2025000000,人,5311
0004050397,2025_01,2,01403,2025000000,人,687
0004050397,2025_01,2,01404,2025000000,人,414
0004050397,2025_01,2,01405,2025000000,人,787
0004050397,2025_01,2,01406,2025000000,人,1253
0004050397,2025_01,2,01407,2025000000,人,1629
0004050397,2025_01,2,01408,2025000000,人,8820
0004050397,2025_01,2,01409,2025000000,人,493
0004050397,2025_01,2,01423,2025000000,人,4103
0004050397,2025_01,2,01424,2025000000,人,2406
0004050397,2025_01,2,01425,2025000000,人,1234
0004050397,2025_01,2,01427,2025000000,人,2287
0004050397,2025_01,2,01428,2025000000,人,4979
0004050397,2025_01,2,01429,2025000000,人,5577
0004050397,2025_01,2,01430,2025000000,人,1287
0004050397,2025_01,2,01431,2025000000,人,786
0004050397,2025_01,2,01432,2025000000,人,3286
0004050397,2025_01,2,01433,2025000000,人,1194
0004050397,2025_01,2,01434,2025000000,人,1131
0004050397,2025_01,2,01436,2025000000,人,1116
0004050397,2025_01,2,01437,2025000000,人,794
0004050397,2025_01,2,01438,2025000000,人,1362
0004050397,2025_01,2,01452,2025000000,人,3245
0004050397,2025_01,2,01453,2025000000,人,5119
0004050397,2025_01,2,01454,2025000000,人,3138
0004050397,2025_01,2,01455,2025000000,人,1701
0004050397,2025_01,2,01456,2025000000,人,1199
0004050397,2025_01,2,01457,2025000000,人,1649
0004050397,2025_01,2,01458,2025000000,人,4671
0004050397,2025_01,2,01459,2025000000,人,5002
0004050397,2025_01,2,01460,2025000000,人,4507
0004050397,2025_01,2,01461,2025000000,人,2277
0004050397,2025_01,2,01462,2025000000,人,1058
0004050397,2025_01,2,01463,2025000000,人,710
0004050397,2025_01,2,01464,2025000000,人,1401
0004050397,2025_01,2,01465,2025000000,人,1342
0004050397,2025_01,2,01468,2025000000,人,1414
0004050397,2025_01,2,01469,2025000000,人,1852
0004050397,2025_01,2,01470,2025000000,人,278
0004050397,2025_01,2,01471,2025000000,人,580
0004050397,2025_01,2,01472,2025000000,人,596
0004050397,2025_01,2,01481,2025000000,人,1822
0004050397,2025_01,2,01482,2025000000,人,1318
0004050397,2025_01,2,01483,2025000000,人,1299
0004050397,2025_01,2,01484,2025000000,人,2880
0004050397,2025_01,2,01485,2025000000,人,474
0004050397,2025_01,2,01486,2025000000,人,1098
0004050397,2025_01,2,01487,2025000000,人,1208
0004050397,2025_01,2,01511,2025000000,人,1293
0004050397,2025_01,2,01512,2025000000,人,1571
0004050397,2025_01,2,01513,2025000000,人,706
0004050397,2025_01,2,01514,2025000000,人,3648
0004050397,2025_01,2,01516,2025000000,人,1649
0004050397,2025_01,2,01517,2025000000,人,1043
0004050397,2025_01,2,01518,2025000000,人,880
0004050397,2025_01,2,01519,2025000000,人,1107
0004050397,2025_01,2,01520,2025000000,人,929
0004050397,2025_01,2,01543,2025000000,人,8551
0004050397,2025_01,2,01544,2025000000,人,1892
0004050397,2025_01,2,01545,2025000000,人,5408
0004050397,2025_01,2,01546,2025000000,人,1813
0004050397,2025_01,2,01547,2025000000,人,2173
0004050397,2025_01,2,01549,2025000000,人,2201
0004050397,2025_01,2,01550,2025000000,人,1319
0004050397,2025_01,2,01552,2025000000,人,2346
0004050397,2025_01,2,01555,2025000000,人,8771
0004050397,2025_01,2,01559,2025000000,人,3917
0004050397,2025_01,2,01560,2025000000,人,1068
0004050397,2025_01,2,01561,2025000000,人,1679
0004050397,2025_01,2,01562,2025000000,人,451
0004050397,2025_01,2,01563,2025000000,人,2008
0004050397,2025_01,2,01564,2025000000,人,3157
0004050397,2025_01,2,01571,2025000000,人,1795
0004050397,2025_01,2,01575,2025000000,人,1211
0004050397,2025_01,2,01578,2025000000,人,7637
0004050397,2025_01,2,01581,2025000000,人,2005
0004050397,2025_01,2,01584,2025000000,人,4251
0004050397,2025_01,2,01585,2025000000,人,3516
0004050397,2025_01,2,01586,2025000000,人,3554
0004050397,2025_01,2,01601,2025000000,人,4930
0004050397,2025_01,2,01602,2025000000,人,2188
0004050397,2025_01,2,01604,2025000000,人,2380
0004050397,2025_01,2,01607,2025000000,人,5418
0004050397,2025_01,2,01608,2025000000,人,1883
0004050397,2025_01,2,01609,2025000000,人,1852
0004050397,2025_01,2,01610,2025000000,人,9953
0004050397,2025_01,2,01631,2025000000,人,22166
0004050397,2025_01,2,01632,2025000000,人,2723
0004050397,2025_01,2,01633,2025000000,人,2261
0004050397,2025_01,2,01634,2025000000,人,2486
0004050397,2025_01,2,01635,2025000000,人,2604
0004050397,2025_01,2,01636,2025000000,人,4204
0004050397,2025_01,2,01637,2025000000,人,9047
0004050397,2025_01,2,01638,2025000000,人,1935
0004050397,2025_01,2,01639,2025000000,人,1516
0004050397,2025_01,2,01641,2025000000,人,2506
0004050397,2025_01,2,01642,2025000000,人,2837
0004050397,2025_01,2,01643,2025000000,人,12827
0004050397,2025_01,2,01644,2025000000,人,2938
0004050397,2025_01,2,01645,2025000000,人,1380
0004050397,2025_01,2,01646,2025000000,人,2904
0004050397,2025_01,2,01647,2025000000,人,2836
0004050397,2025_01,2,01648,2025000000,人,985
0004050397,2025_01,2,01649,2025000000,人,1973
0004050397,2025_01,2,01661,2025000000,人,9390
0004050397,2025_01,2,01662,2025000000,人,4109
0004050397,2025_01,2,01663,2025000000,人,2606
0004050397,2025_01,2,01664,2025000000,人,3292
0004050397,2025_01,2,01665,2025000000,人,3238
0004050397,2025_01,2,01667,2025000000,人,1211
0004050397,2025_01,2,01668,2025000000,人,3501
0004050397,2025_01,2,01691,2025000000,人,6485
0004050397,2025_01,2,01692,2025000000,人,10974
0004050397,2025_01,2,01693,2025000000,人,2382
0004050397,2025_01,2,01694,2025000000,人,1997
0004050397,2025_01,2,02000,2025000000,人,600970
0004050397,2025_01,2,02201,2025000000,人,136186
0004050397,2025_01,2,02202,2025000000,人,84366
0004050397,2025_01,2,02203,2025000000,人,107243
0004050397,2025_01,2,02204,2025000000,人,15479
0004050397,2025_01,2,02205,2025000000,人,25981
0004050397,2025_01,2,02206,2025000000,人,29817
0004050397,2025_01,2,02207,2025000000,人,18178
0004050397,2025_01,2,02208,2025000000,人,25510
0004050397,2025_01,2,02209,2025000000,人,14547
0004050397,2025_01,2,02210,2025000000,人,15382
0004050397,2025_01,2,02301,2025000000,人,4800
0004050397,2025_01,2,02303,2025000000,人,1007
0004050397,2025_01,2,02304,2025000000,人,1175
0004050397,2025_01,2,02307,2025000000,人,2377
0004050397,2025_01,2,02321,2025000000,人,4169
0004050397,2025_01,2,02323,2025000000,人,3337
0004050397,2025_01,2,02343,2025000000,人,601
0004050397,2025_01,2,02361,2025000000,人,7530
0004050397,2025_01,2,02362,2025000000,人,4150
0004050397,2025_01,2,02367,2025000000,人,3622
0004050397,2025_01,2,02381,2025000000,人,6278
0004050397,2025_01,2,02384,2025000000,人,5813
0004050397,2025_01,2,02387,2025000000,人,4450
0004050397,2025_01,2,02401,2025000000,人,5906
0004050397,2025_01,2,02402,2025000000,人,6849
0004050397,2025_01,2,02405,2025000000,人,5057
0004050397,2025_01,2,02406,2025000000,人,1920
0004050397,2025_01,2,02408,2025000000,人,7764
0004050397,2025_01,2,02411,2025000000,人,4198
0004050397,2025_01,2,02412,2025000000,人,12309
0004050397,2025_01,2,02423,2025000000,人,2038
0004050397,2025_01,2,02424,2025000000,人,2396
0004050397,2025_01,2,02425,2025000000,人,721
0004050397,2025_01,2,02426,2025000000,人,720
0004050397,2025_01,2,02441,2025000000,人,4223
0004050397,2025_01,2,02442,2025000000,人,7468
0004050397,2025_01,2,02443,2025000000,人,2263
0004050397,2025_01,2,02445,2025000000,人,8049
0004050397,2025_01,2,02446,2025000000,人,6149
0004050397,2025_01,2,02450,2025000000,人,942
0004050397,2025_01,2,03000,2025000000,人,581935
0004050397,2025_01,2,03201,2025000000,人,146741
0004050397,2025_01,2,03202,2025000000,人,22976
0004050397,2025_01,2,03203,2025000000,人,16010
0004050397,2025_01,2,03205,2025000000,人,45532
0004050397,2025_01,2,03206,2025000000,人,44425
0004050397,2025_01,2,03207,2025000000,人,15436
0004050397,2025_01,2,03208,2025000000,人,11729
0004050397,2025_01,2,03209,2025000000,人,52200
0004050397,2025_01,2,03210,2025000000,人,8603
0004050397,2025_01,2,03211,2025000000,人,14570
0004050397,2025_01,2,03213,2025000000,人,12143
0004050397,2025_01,2,03214,2025000000,人,11488
0004050397,2025_01,2,03215,2025000000,人,53312
0004050397,2025_01,2,03216,2025000000,人,27559
0004050397,2025_01,2,03301,2025000000,人,7432
0004050397,2025_01,2,03302,2025000000,人,2503
0004050397,2025_01,2,03303,2025000000,人,5400
0004050397,2025_01,2,03321,2025000000,人,16360
0004050397,2025_01,2,03322,2025000000,人,14062
0004050397,2025_01,2,03366,2025000000,人,2295
0004050397,2025_01,2,03381,2025000000,人,7224
0004050397,2025_01,2,03402,2025000000,人,3335
0004050397,2025_01,2,03441,2025000000,人,2203
0004050397,2025_01,2,03461,2025000000,人,5210
0004050397,2025_01,2,03482,2025000000,人,6524
0004050397,2025_01,2,03483,2025000000,人,3759
0004050397,2025_01,2,03484,2025000000,人,1360
0004050397,2025_01,2,03485,2025000000,人,1084
0004050397,2025_01,2,03501,2025000000,人,3816
0004050397,2025_01,2,03503,2025000000,人,1899
0004050397,2025_01,2,03506,2025000000,人,2476
0004050397,2025_01,2,03507,2025000000,人,7106
0004050397,2025_01,2,03524,2025000000,人,5163
0004050397,2025_01,2,04000,2025000000,人,1143805
0004050397,2025_01,2,04100,2025000000,人,567211
0004050397,2025_01,2,04101,2025000000,人,163495
0004050397,2025_01,2,04102,2025000000,人,99877
0004050397,2025_01,2,04103,2025000000,人,72747
0004050397,2025_01,2,04104,2025000000,人,123991
0004050397,2025_01,2,04105,2025000000,人,107101
0004050397,2025_01,2,04202,2025000000,人,66519
0004050397,2025_01,2,04203,2025000000,人,26071
0004050397,2025_01,2,04205,2025000000,人,28067
0004050397,2025_01,2,04206,2025000000,人,15089
0004050397,2025_01,2,04207,2025000000,人,40246
0004050397,2025_01,2,04208,2025000000,人,12845
0004050397,2025_01,2,04209,2025000000,人,30823
0004050397,2025_01,2,04211,2025000000,人,21482
0004050397,2025_01,2,04212,2025000000,人,35438
0004050397,2025_01,2,04213,2025000000,人,29937
0004050397,2025_01,2,04214,2025000000,人,19067
0004050397,2025_01,2,04215,2025000000,人,60228
0004050397,2025_01,2,04216,2025000000,人,26569
0004050397,2025_01,2,04301,2025000000,人,5126
0004050397,2025_01,2,04302,2025000000,人,579
0004050397,2025_01,2,04321,2025000000,人,11643
0004050397,2025_01,2,04322,2025000000,人,4763
0004050397,2025_01,2,04323,2025000000,人,18230
0004050397,2025_01,2,04324,2025000000,人,3782
0004050397,2025_01,2,04341,2025000000,人,5496
0004050397,2025_01,2,04361,2025000000,人,16280
0004050397,2025_01,2,04362,2025000000,人,5683
0004050397,2025_01,2,04401,2025000000,人,6362
0004050397,2025_01,2,04404,2025000000,人,8515
0004050397,2025_01,2,04406,2025000000,人,17895
0004050397,2025_01,2,04421,2025000000,人,13590
0004050397,2025_01,2,04422,2025000000,人,3592
0004050397,2025_01,2,04424,2025000000,人,2705
0004050397,2025_01,2,04444,2025000000,人,3086
0004050397,2025_01,2,04445,2025000000,人,10055
0004050397,2025_01,2,04501,2025000000,人,7028
0004050397,2025_01,2,04505,2025000000,人,11377
0004050397,2025_01,2,04581,2025000000,人,2869
0004050397,2025_01,2,04606,2025000000,人,5557
0004050397,2025_01,2,05000,2025000000,人,464912
0004050397,2025_01,2,05201,2025000000,人,155260
0004050397,2025_01,2,05202,2025000000,人,24412
0004050397,2025_01,2,05203,2025000000,人,40779
0004050397,2025_01,2,05204,2025000000,人,33388
0004050397,2025_01,2,05206,2025000000,人,11373
0004050397,2025_01,2,05207,2025000000,人,19391
0004050397,2025_01,2,05209,2025000000,人,13465
0004050397,2025_01,2,05210,2025000000,人,35430
0004050397,2025_01,2,05211,2025000000,人,15992
0004050397,2025_01,2,05212,2025000000,人,37992
0004050397,2025_01,2,05213,2025000000,人,13963
0004050397,2025_01,2,05214,2025000000,人,10900
0004050397,2025_01,2,05215,2025000000,人,11679
0004050397,2025_01,2,05303,2025000000,人,2233
0004050397,2025_01,2,05327,2025000000,人,869
0004050397,2025_01,2,05346,2025000000,人,1311
0004050397,2025_01,2,05348,2025000000,人,7097
0004050397,2025_01,2,05349,2025000000,人,2988
0004050397,2025_01,2,05361,2025000000,人,3840
0004050397,2025_01,2,05363,2025000000,人,2711
0004050397,2025_01,2,05366,2025000000,人,2144
0004050397,2025_01,2,05368,2025000000,人,1437
0004050397,2025_01,2,05434,2025000000,人,8876
0004050397,2025_01,2,05463,2025000000,人,6325
0004050397,2025_01,2,05464,2025000000,人,1057
0004050397,2025_01,2,06000,2025000000,人,511031
0004050397,2025_01,2,06201,2025000000,人,122498
0004050397,2025_01,2,06202,2025000000,人,38279
0004050397,2025_01,2,06203,2025000000,人,58524
0004050397,2025_01,2,06204,2025000000,人,47775
0004050397,2025_01,2,06205,2025000000,人,16473
0004050397,2025_01,2,06206,2025000000,人,19598
0004050397,2025_01,2,06207,2025000000,人,13928
0004050397,2025_01,2,06208,2025000000,人,10308
0004050397,2025_01,2,06209,2025000000,人,12460
0004050397,2025_01,2,06210,2025000000,人,30697
0004050397,2025_01,2,06211,2025000000,人,23996
0004050397,2025_01,2,06212,2025000000,人,6495
0004050397,2025_01,2,06213,2025000000,人,14561
0004050397,2025_01,2,06301,2025000000,人,6627
0004050397,2025_01,2,06302,2025000000,人,5104
0004050397,2025_01,2,06321,2025000000,人,8325
0004050397,2025_01,2,06322,2025000000,人,2182
0004050397,2025_01,2,06323,2025000000,人,2736
0004050397,2025_01,2,06324,2025000000,人,3343
0004050397,2025_01,2,06341,2025000000,人,2792
0004050397,2025_01,2,06361,2025000000,人,2243
0004050397,2025_01,2,06362,2025000000,人,3571
0004050397,2025_01,2,06363,2025000000,人,2292
0004050397,2025_01,2,06364,2025000000,人,3193
0004050397,2025_01,2,06365,2025000000,人,1308
0004050397,2025_01,2,06366,2025000000,人,1753
0004050397,2025_01,2,06367,2025000000,人,1870
0004050397,2025_01,2,06381,2025000000,人,10370
0004050397,2025_01,2,06382,2025000000,人,6605
0004050397,2025_01,2,06401,2025000000,人,3010
0004050397,2025_01,2,06402,2025000000,人,5877
0004050397,2025_01,2,06403,2025000000,人,2988
0004050397,2025_01,2,06426,2025000000,人,3659
0004050397,2025_01,2,06428,2025000000,人,9554
0004050397,2025_01,2,06461,2025000000,人,6037
0004050397,2025_01,2,07000,2025000000,人,870479
0004050397,2025_01,2,07201,2025000000,人,136741
0004050397,2025_01,2,07202,2025000000,人,56690
0004050397,2025_01,2,07203,2025000000,人,158844
0004050397,2025_01,2,07204,2025000000,人,156985
0004050397,2025_01,2,07205,2025000000,人,27738
0004050397,2025_01,2,07207,2025000000,人,36260
0004050397,2025_01,2,07208,2025000000,人,21631
0004050397,2025_01,2,07209,2025000000,人,15875
0004050397,2025_01,2,07210,2025000000,人,25070
0004050397,2025_01,2,07211,2025000000,人,16041
0004050397,2025_01,2,07212,2025000000,人,26938
0004050397,2025_01,2,07213,2025000000,人,27762
0004050397,2025_01,2,07214,2025000000,人,15050
0004050397,2025_01,2,07301,2025000000,人,5501
0004050397,2025_01,2,07303,2025000000,人,4027
0004050397,2025_01,2,07308,2025000000,人,5482
0004050397,2025_01,2,07322,2025000000,人,4512
0004050397,2025_01,2,07342,2025000000,人,6108
0004050397,2025_01,2,07344,2025000000,人,2397
0004050397,2025_01,2,07362,2025000000,人,2244
0004050397,2025_01,2,07364,2025000000,人,235
0004050397,2025_01,2,07367,2025000000,人,1733
0004050397,2025_01,2,07368,2025000000,人,6368
0004050397,2025_01,2,07402,2025000000,人,1081
0004050397,2025_01,2,07405,2025000000,人,2577
0004050397,2025_01,2,07407,2025000000,人,1543
0004050397,2025_01,2,07408,2025000000,人,6101
0004050397,2025_01,2,07421,2025000000,人,7007
0004050397,2025_01,2,07422,2025000000,人,1469
0004050397,2025_01,2,07423,2025000000,人,1302
0004050397,2025_01,2,07444,2025000000,人,600
0004050397,2025_01,2,07445,2025000000,人,832
0004050397,2025_01,2,07446,2025000000,人,541
0004050397,2025_01,2,07447,2025000000,人,8983
0004050397,2025_01,2,07461,2025000000,人,10219
0004050397,2025_01,2,07464,2025000000,人,2932
0004050397,2025_01,2,07465,2025000000,人,2290
0004050397,2025_01,2,07466,2025000000,人,8336
0004050397,2025_01,2,07481,2025000000,人,6070
0004050397,2025_01,2,07482,2025000000,人,2422
0004050397,2025_01,2,07483,2025000000,人,3759
0004050397,2025_01,2,07484,2025000000,人,1293
0004050397,2025_01,2,07501,2025000000,人,6573
0004050397,2025_01,2,07502,2025000000,人,2863
0004050397,2025_01,2,07503,2025000000,人,2590
0004050397,2025_01,2,07504,2025000000,人,2713
0004050397,2025_01,2,07505,2025000000,人,2077
0004050397,2025_01,2,07521,2025000000,人,8011
0004050397,2025_01,2,07522,2025000000,人,4198
0004050397,2025_01,2,07541,2025000000,人,2000
0004050397,2025_01,2,07542,2025000000,人,1840
0004050397,2025_01,2,07543,2025000000,人,1019
0004050397,2025_01,2,07544,2025000000,人,852
0004050397,2025_01,2,07545,2025000000,人,390
0004050397,2025_01,2,07546,2025000000,人,75
0004050397,2025_01,2,07547,2025000000,人,1068
0004050397,2025_01,2,07548,2025000000,人,184
0004050397,2025_01,2,07561,2025000000,人,3757
0004050397,2025_01,2,07564,2025000000,人,680
0004050397,2025_01,2,08000,2025000000,人,1395057
0004050397,2025_01,2,08201,2025000000,人,135477
0004050397,2025_01,2,08202,2025000000,人,79658
0004050397,2025_01,2,08203,2025000000,人,70764
0004050397,2025_01,2,08204,2025000000,人,67852
0004050397,2025_01,2,08205,2025000000,人,33997
0004050397,2025_01,2,08207,2025000000,人,23866
0004050397,2025_01,2,08208,2025000000,人,37446
0004050397,2025_01,2,08210,2025000000,人,20111
0004050397,2025_01,2,08211,2025000000,人,28780
0004050397,2025_01,2,08212,2025000000,人,22376
0004050397,2025_01,2,08214,2025000000,人,12571
0004050397,2025_01,2,08215,2025000000,人,19244
0004050397,2025_01,2,08216,2025000000,人,36258
0004050397,2025_01,2,08217,2025000000,人,52851
0004050397,2025_01,2,08219,2025000000,人,42009
0004050397,2025_01,2,08220,2025000000,人,132833
0004050397,2025_01,2,08221,2025000000,人,74766
0004050397,2025_01,2,08222,2025000000,人,31360
0004050397,2025_01,2,08223,2025000000,人,12639
0004050397,2025_01,2,08224,2025000000,人,35342
0004050397,2025_01,2,08225,2025000000,人,17980
0004050397,2025_01,2,08226,2025000000,人,26459
0004050397,2025_01,2,08227,2025000000,人,47775
0004050397,2025_01,2,08228,2025000000,人,24708
0004050397,2025_01,2,08229,2025000000,人,17590
0004050397,2025_01,2,08230,2025000000,人,18922
0004050397,2025_01,2,08231,2025000000,人,17728
0004050397,2025_01,2,08232,2025000000,人,45160
0004050397,2025_01,2,08233,2025000000,人,14499
0004050397,2025_01,2,08234,2025000000,人,21078
0004050397,2025_01,2,08235,2025000000,人,25938
0004050397,2025_01,2,08236,2025000000,人,23418
0004050397,2025_01,2,08302,2025000000,人,14858
0004050397,2025_01,2,08309,2025000000,人,7325
0004050397,2025_01,2,08310,2025000000,人,8282
0004050397,2025_01,2,08341,2025000000,人,18543
0004050397,2025_01,2,08364,2025000000,人,6924
0004050397,2025_01,2,08442,2025000000,人,6589
0004050397,2025_01,2,08443,2025000000,人,24907
0004050397,2025_01,2,08447,2025000000,人,3637
0004050397,2025_01,2,08521,2025000000,人,9530
0004050397,2025_01,2,08542,2025000000,人,3668
0004050397,2025_01,2,08546,2025000000,人,11764
0004050397,2025_01,2,08564,2025000000,人,7575
0004050397,2025_01,2,09000,2025000000,人,933645
0004050397,2025_01,2,09201,2025000000,人,255603
0004050397,2025_01,2,09202,2025000000,人,68720
0004050397,2025_01,2,09203,2025000000,人,74461
0004050397,2025_01,2,09204,2025000000,人,55414
0004050397,2025_01,2,09205,2025000000,人,45005
0004050397,2025_01,2,09206,2025000000,人,36886
0004050397,2025_01,2,09208,2025000000,人,81872
0004050397,2025_01,2,09209,2025000000,人,37457
0004050397,2025_01,2,09210,2025000000,人,34763
0004050397,2025_01,2,09211,2025000000,人,14458
0004050397,2025_01,2,09213,2025000000,人,56693
0004050397,2025_01,2,09214,2025000000,人,21365
0004050397,2025_01,2,09215,2025000000,人,11144
0004050397,2025_01,2,09216,2025000000,人,29915
0004050397,2025_01,2,09301,2025000000,人,14439
0004050397,2025_01,2,09342,2025000000,人,10128
0004050397,2025_01,2,09343,2025000000,人,5294
0004050397,2025_01,2,09344,2025000000,人,5190
0004050397,2025_01,2,09345,2025000000,人,7246
0004050397,2025_01,2,09361,2025000000,人,19342
0004050397,2025_01,2,09364,2025000000,人,12346
0004050397,2025_01,2,09384,2025000000,人,4543
0004050397,2025_01,2,09386,2025000000,人,13504
0004050397,2025_01,2,09407,2025000000,人,11226
0004050397,2025_01,2,09411,2025000000,人,6631
0004050397,2025_01,2,10000,2025000000,人,944590
0004050397,2025_01,2,10201,2025000000,人,166122
0004050397,2025_01,2,10202,2025000000,人,185929
0004050397,2025_01,2,10203,2025000000,人,50323
0004050397,2025_01,2,10204,2025000000,人,104088
0004050397,2025_01,2,10205,2025000000,人,107262
0004050397,2025_01,2,10206,2025000000,人,21161
0004050397,2025_01,2,10207,2025000000,人,36441
0004050397,2025_01,2,10208,2025000000,人,36081
0004050397,2025_01,2,10209,2025000000,人,30535
0004050397,2025_01,2,10210,2025000000,人,22225
0004050397,2025_01,2,10211,2025000000,人,25821
0004050397,2025_01,2,10212,2025000000,人,24832
0004050397,2025_01,2,10344,2025000000,人,6910
0004050397,2025_01,2,10345,2025000000,人,11665
0004050397,2025_01,2,10366,2025000000,人,484
0004050397,2025_01,2,10367,2025000000,人,674
0004050397,2025_01,2,10382,2025000000,人,2778
0004050397,2025_01,2,10383,2025000000,人,669
0004050397,2025_01,2,10384,2025000000,人,5954
0004050397,2025_01,2,10421,2025000000,人,7151
0004050397,2025_01,2,10424,2025000000,人,2413
0004050397,2025_01,2,10425,2025000000,人,3965
0004050397,2025_01,2,10426,2025000000,人,2813
0004050397,2025_01,2,10428,2025000000,人,1565
0004050397,2025_01,2,10429,2025000000,人,5702
0004050397,2025_01,2,10443,2025000000,人,1771
0004050397,2025_01,2,10444,2025000000,人,1704
0004050397,2025_01,2,10448,2025000000,人,3313
0004050397,2025_01,2,10449,2025000000,人,8021
0004050397,2025_01,2,10464,2025000000,人,17742
0004050397,2025_01,2,10521,2025000000,人,6306
0004050397,2025_01,2,10522,2025000000,人,5188
0004050397,2025_01,2,10523,2025000000,人,5128
0004050397,2025_01,2,10524,2025000000,人,19731
0004050397,2025_01,2,10525,2025000000,人,12123
0004050397,2025_01,2,11000,2025000000,人,3680011
0004050397,2025_01,2,11100,2025000000,人,684748
0004050397,2025_01,2,11101,2025000000,人,48450
0004050397,2025_01,2,11102,2025000000,人,75878
0004050397,2025_01,2,11103,2025000000,人,63243
0004050397,2025_01,2,11104,2025000000,人,85509
0004050397,2025_01,2,11105,2025000000,人,52767
0004050397,2025_01,2,11106,2025000000,人,49294
0004050397,2025_01,2,11107,2025000000,人,87584
0004050397,2025_01,2,11108,2025000000,人,98954
0004050397,2025_01,2,11109,2025000000,人,67242
0004050397,2025_01,2,11110,2025000000,人,55827
0004050397,2025_01,2,11201,2025000000,人,178863
0004050397,2025_01,2,11202,2025000000,人,94240
0004050397,2025_01,2,11203,2025000000,人,294529
0004050397,2025_01,2,11206,2025000000,人,38707
0004050397,2025_01,2,11207,2025000000,人,27989
0004050397,2025_01,2,11208,2025000000,人,175244
0004050397,2025_01,2,11209,2025000000,人,38813
0004050397,2025_01,2,11210,2025000000,人,54571
0004050397,2025_01,2,11211,2025000000,人,38230
0004050397,2025_01,2,11212,2025000000,人,45671
0004050397,2025_01,2,11214,2025000000,人,113615
0004050397,2025_01,2,11215,2025000000,人,72233
0004050397,2025_01,2,11216,2025000000,人,26203
0004050397,2025_01,2,11217,2025000000,人,58706
0004050397,2025_01,2,11218,2025000000,人,69675
0004050397,2025_01,2,11219,2025000000,人,114468
0004050397,2025_01,2,11221,2025000000,人,125185
0004050397,2025_01,2,11222,2025000000,人,174388
0004050397,2025_01,2,11223,2025000000,人,37317
0004050397,2025_01,2,11224,2025000000,人,70198
0004050397,2025_01,2,11225,2025000000,人,71498
0004050397,2025_01,2,11227,2025000000,人,73177
0004050397,2025_01,2,11228,2025000000,人,38271
0004050397,2025_01,2,11229,2025000000,人,40768
0004050397,2025_01,2,11230,2025000000,人,83556
0004050397,2025_01,2,11231,2025000000,人,37227
0004050397,2025_01,2,11232,2025000000,人,74458
0004050397,2025_01,2,11233,2025000000,人,32851
0004050397,2025_01,2,11234,2025000000,人,45644
0004050397,2025_01,2,11235,2025000000,人,57768
0004050397,2025_01,2,11237,2025000000,人,70135
0004050397,2025_01,2,11238,2025000000,人,30707
0004050397,2025_01,2,11239,2025000000,人,50016
0004050397,2025_01,2,11240,2025000000,人,23952
0004050397,2025_01,2,11241,2025000000,人,35741
0004050397,2025_01,2,11242,2025000000,人,27075
0004050397,2025_01,2,11243,2025000000,人,36051
0004050397,2025_01,2,11245,2025000000,人,57319
0004050397,2025_01,2,11246,2025000000,人,26207
0004050397,2025_01,2,11301,2025000000,人,22173
0004050397,2025_01,2,11324,2025000000,人,19223
0004050397,2025_01,2,11326,2025000000,人,16752
0004050397,2025_01,2,11327,2025000000,人,5199
0004050397,2025_01,2,11341,2025000000,人,9781
0004050397,2025_01,2,11342,2025000000,人,8724
0004050397,2025_01,2,11343,2025000000,人,13191
0004050397,2025_01,2,11346,2025000000,人,8831
0004050397,2025_01,2,11347,2025000000,人,8337
0004050397,2025_01,2,11348,2025000000,人,6555
0004050397,2025_01,2,11349,2025000000,人,4859
0004050397,2025_01,2,11361,2025000000,人,3672
0004050397,2025_01,2,11362,2025000000,人,4265
0004050397,2025_01,2,11363,2025000000,人,3133
0004050397,2025_01,2,11365,2025000000,人,4775
0004050397,2025_01,2,11369,2025000000,人,1162
0004050397,2025_01,2,11381,2025000000,人,5141
0004050397,2025_01,2,11383,2025000000,人,6167
0004050397,2025_01,2,11385,2025000000,人,14968
0004050397,2025_01,2,11408,2025000000,人,15486
0004050397,2025_01,2,11442,2025000000,人,16755
0004050397,2025_01,2,11464,2025000000,人,21459
0004050397,2025_01,2,11465,2025000000,人,13389
0004050397,2025_01,2,12000,2025000000,人,3164459
0004050397,2025_01,2,12100,2025000000,人,504728
0004050397,2025_01,2,12101,2025000000,人,112823
0004050397,2025_01,2,12102,2025000000,人,90712
0004050397,2025_01,2,12103,2025000000,人,80785
0004050397,2025_01,2,12104,2025000000,人,73003
0004050397,2025_01,2,12105,2025000000,人,65693
0004050397,2025_01,2,12106,2025000000,人,81712
0004050397,2025_01,2,12202,2025000000,人,26411
0004050397,2025_01,2,12203,2025000000,人,246544
0004050397,2025_01,2,12204,2025000000,人,329193
0004050397,2025_01,2,12205,2025000000,人,21370
0004050397,2025_01,2,12206,2025000000,人,68328
0004050397,2025_01,2,12207,2025000000,人,251744
0004050397,2025_01,2,12208,2025000000,人,75776
0004050397,2025_01,2,12210,2025000000,人,42409
0004050397,2025_01,2,12211,2025000000,人,67387
0004050397,2025_01,2,12212,2025000000,人,84294
0004050397,2025_01,2,12213,2025000000,人,28149
0004050397,2025_01,2,12215,2025000000,人,30199
0004050397,2025_01,2,12216,2025000000,人,88862
0004050397,2025_01,2,12217,2025000000,人,221816
0004050397,2025_01,2,12218,2025000000,人,7295
0004050397,2025_01,2,12219,2025000000,人,126534
0004050397,2025_01,2,12220,2025000000,人,109742
0004050397,2025_01,2,12221,2025000000,人,104745
0004050397,2025_01,2,12222,2025000000,人,67347
0004050397,2025_01,2,12223,2025000000,人,15288
0004050397,2025_01,2,12224,2025000000,人,56181
0004050397,2025_01,2,12225,2025000000,人,38039
0004050397,2025_01,2,12226,2025000000,人,19083
0004050397,2025_01,2,12227,2025000000,人,89454
0004050397,2025_01,2,12228,2025000000,人,47539
0004050397,2025_01,2,12229,2025000000,人,32293
0004050397,2025_01,2,12230,2025000000,人,31906
0004050397,2025_01,2,12231,2025000000,人,55970
0004050397,2025_01,2,12232,2025000000,人,30847
0004050397,2025_01,2,12233,2025000000,人,24331
0004050397,2025_01,2,12234,2025000000,人,16696
0004050397,2025_01,2,12235,2025000000,人,15822
0004050397,2025_01,2,12236,2025000000,人,33486
0004050397,2025_01,2,12237,2025000000,人,22401
0004050397,2025_01,2,12238,2025000000,人,16714
0004050397,2025_01,2,12239,2025000000,人,23649
0004050397,2025_01,2,12322,2025000000,人,10422
0004050397,2025_01,2,12329,2025000000,人,9700
0004050397,2025_01,2,12342,2025000000,人,2637
0004050397,2025_01,2,12347,2025000000,人,6141
0004050397,2025_01,2,12349,2025000000,人,5912
0004050397,2025_01,2,12403,2025000000,人,6542
0004050397,2025_01,2,12409,2025000000,人,3061
0004050397,2025_01,2,12410,2025000000,人,10171
0004050397,2025_01,2,12421,2025000000,人,5973
0004050397,2025_01,2,12422,2025000000,人,3293
0004050397,2025_01,2,12423,2025000000,人,6333
0004050397,2025_01,2,12424,2025000000,人,4781
0004050397,2025_01,2,12426,2025000000,人,3039
0004050397,2025_01,2,12427,2025000000,人,3374
0004050397,2025_01,2,12441,2025000000,人,4005
0004050397,2025_01,2,12443,2025000000,人,3298
0004050397,2025_01,2,12463,2025000000,人,3205
0004050397,2025_01,2,13000,2025000000,人,7274434
0004050397,2025_01,2,13100,2025000000,人,5086022
0004050397,2025_01,2,13101,2025000000,人,33103
0004050397,2025_01,2,13102,2025000000,人,94841
0004050397,2025_01,2,13103,2025000000,人,143737
0004050397,2025_01,2,13104,2025000000,人,180201
0004050397,2025_01,2,13105,2025000000,人,130087
0004050397,2025_01,2,13106,2025000000,人,111981
0004050397,2025_01,2,13107,2025000000,人,145161
0004050397,2025_01,2,13108,2025000000,人,283612
0004050397,2025_01,2,13109,2025000000,人,216086
0004050397,2025_01,2,13110,2025000000,人,151496
0004050397,2025_01,2,13111,2025000000,人,381850
0004050397,2025_01,2,13112,2025000000,人,506100
0004050397,2025_01,2,13113,2025000000,人,124415
0004050397,2025_01,2,13114,2025000000,人,177550
0004050397,2025_01,2,13115,2025000000,人,309655
0004050397,2025_01,2,13116,2025000000,人,153037
0004050397,2025_01,2,13117,2025000000,人,185050
0004050397,2025_01,2,13118,2025000000,人,114926
0004050397,2025_01,2,13119,2025000000,人,305369
0004050397,2025_01,2,13120,2025000000,人,397245
0004050397,2025_01,2,13121,2025000000,人,352848
0004050397,2025_01,2,13122,2025000000,人,235890
0004050397,2025_01,2,13123,2025000000,人,351782
0004050397,2025_01,2,13201,2025000000,人,286167
0004050397,2025_01,2,13202,2025000000,人,96588
0004050397,2025_01,2,13203,2025000000,人,78466
0004050397,2025_01,2,13204,2025000000,人,101429
0004050397,2025_01,2,13205,2025000000,人,64753
0004050397,2025_01,2,13206,2025000000,人,132137
0004050397,2025_01,2,13207,2025000000,人,58689
0004050397,2025_01,2,13208,2025000000,人,127217
0004050397,2025_01,2,13209,2025000000,人,217128
0004050397,2025_01,2,13210,2025000000,人,65918
0004050397,2025_01,2,13211,2025000000,人,102089
0004050397,2025_01,2,13212,2025000000,人,95821
0004050397,2025_01,2,13213,2025000000,人,78307
0004050397,2025_01,2,13214,2025000000,人,65710
0004050397,2025_01,2,13215,2025000000,人,39419
0004050397,2025_01,2,13218,2025000000,人,28679
0004050397,2025_01,2,13219,2025000000,人,43388
0004050397,2025_01,2,13220,2025000000,人,42738
0004050397,2025_01,2,13221,2025000000,人,39115
0004050397,2025_01,2,13222,2025000000,人,60103
0004050397,2025_01,2,13223,2025000000,人,34857
0004050397,2025_01,2,13224,2025000000,人,72641
0004050397,2025_01,2,13225,2025000000,人,47648
0004050397,2025_01,2,13227,2025000000,人,26485
0004050397,2025_01,2,13228,2025000000,人,39123
0004050397,2025_01,2,13229,2025000000,人,106906
0004050397,2025_01,2,13303,2025000000,人,15378
0004050397,2025_01,2,13305,2025000000,人,8213
0004050397,2025_01,2,13307,2025000000,人,884
0004050397,2025_01,2,13308,2025000000,人,2045
0004050397,2025_01,2,13361,2025000000,人,3029
0004050397,2025_01,2,13362,2025000000,人,133
0004050397,2025_01,2,13363,2025000000,人,1094
0004050397,2025_01,2,13364,2025000000,人,805
0004050397,2025_01,2,13381,2025000000,人,883
0004050397,2025_01,2,13382,2025000000,人,123
0004050397,2025_01,2,13401,2025000000,人,3218
0004050397,2025_01,2,13402,2025000000,人,65
0004050397,2025_01,2,13421,2025000000,人,1021
0004050397,2025_01,2,14000,2025000000,人,4642953
0004050397,2025_01,2,14100,2025000000,人,1905606
0004050397,2025_01,2,14101,2025000000,人,144013
0004050397,2025_01,2,14102,2025000000,人,124421
0004050397,2025_01,2,14103,2025000000,人,53830
0004050397,2025_01,2,14104,2025000000,人,75552
0004050397,2025_01,2,14105,2025000000,人,99726
0004050397,2025_01,2,14106,2025000000,人,103598
0004050397,2025_01,2,14107,2025000000,人,83146
0004050397,2025_01,2,14108,2025000000,人,98970
0004050397,2025_01,2,14109,2025000000,人,182775
0004050397,2025_01,2,14110,2025000000,人,144575
0004050397,2025_01,2,14111,2025000000,人,108150
0004050397,2025_01,2,14112,2025000000,人,124418
0004050397,2025_01,2,14113,2025000000,人,92434
0004050397,2025_01,2,14114,2025000000,人,62303
0004050397,2025_01,2,14115,2025000000,人,61570
0004050397,2025_01,2,14116,2025000000,人,77381
0004050397,2025_01,2,14117,2025000000,人,159051
0004050397,2025_01,2,14118,2025000000,人,109693
0004050397,2025_01,2,14130,2025000000,人,776364
0004050397,2025_01,2,14131,2025000000,人,107704
0004050397,2025_01,2,14132,2025000000,人,87165
0004050397,2025_01,2,14133,2025000000,人,133791
0004050397,2025_01,2,14134,2025000000,人,119941
0004050397,2025_01,2,14135,2025000000,人,112665
0004050397,2025_01,2,14136,2025000000,人,121790
0004050397,2025_01,2,14137,2025000000,人,93308
0004050397,2025_01,2,14150,2025000000,人,357851
0004050397,2025_01,2,14151,2025000000,人,82508
0004050397,2025_01,2,14152,2025000000,人,134146
0004050397,2025_01,2,14153,2025000000,人,141197
0004050397,2025_01,2,14201,2025000000,人,184107
0004050397,2025_01,2,14203,2025000000,人,129657
0004050397,2025_01,2,14204,2025000000,人,90447
0004050397,2025_01,2,14205,2025000000,人,225261
0004050397,2025_01,2,14206,2025000000,人,95614
0004050397,2025_01,2,14207,2025000000,人,126136
0004050397,2025_01,2,14208,2025000000,人,29476
0004050397,2025_01,2,14210,2025000000,人,20121
0004050397,2025_01,2,14211,2025000000,人,80115
0004050397,2025_01,2,14212,2025000000,人,108152
0004050397,2025_01,2,14213,2025000000,人,124073
0004050397,2025_01,2,14214,2025000000,人,49799
0004050397,2025_01,2,14215,2025000000,人,70788
0004050397,2025_01,2,14216,2025000000,人,66436
0004050397,2025_01,2,14217,2025000000,人,20007
0004050397,2025_01,2,14218,2025000000,人,41151
0004050397,2025_01,2,14301,2025000000,人,16038
0004050397,2025_01,2,14321,2025000000,人,23754
0004050397,2025_01,2,14341,2025000000,人,15669
0004050397,2025_01,2,14342,2025000000,人,13828
0004050397,2025_01,2,14361,2025000000,人,4397
0004050397,2025_01,2,14362,2025000000,人,8720
0004050397,2025_01,2,14363,2025000000,人,5069
0004050397,2025_01,2,14364,2025000000,人,4479
0004050397,2025_01,2,14366,2025000000,人,9645
0004050397,2025_01,2,14382,2025000000,人,5396
0004050397,2025_01,2,14383,2025000000,人,3235
0004050397,2025_01,2,14384,2025000000,人,11572
0004050397,2025_01,2,14401,2025000000,人,18609
0004050397,2025_01,2,14402,2025000000,人,1381
0004050397,2025_01,2,15000,2025000000,人,1062341
0004050397,2025_01,2,15100,2025000000,人,394231
0004050397,2025_01,2,15101,2025000000,人,36052
0004050397,2025_01,2,15102,2025000000,人,66576
0004050397,2025_01,2,15103,2025000000,人,92905
0004050397,2025_01,2,15104,2025000000,人,34426
0004050397,2025_01,2,15105,2025000000,人,37266
0004050397,2025_01,2,15106,2025000000,人,21219
0004050397,2025_01,2,15107,2025000000,人,79566
0004050397,2025_01,2,15108,2025000000,人,26221
0004050397,2025_01,2,15202,2025000000,人,127759
0004050397,2025_01,2,15204,2025000000,人,45630
0004050397,2025_01,2,15205,2025000000,人,37169
0004050397,2025_01,2,15206,2025000000,人,46156
0004050397,2025_01,2,15208,2025000000,人,15975
0004050397,2025_01,2,15209,2025000000,人,11808
0004050397,2025_01,2,15210,2025000000,人,22727
0004050397,2025_01,2,15211,2025000000,人,18847
0004050397,2025_01,2,15212,2025000000,人,26691
0004050397,2025_01,2,15213,2025000000,人,37653
0004050397,2025_01,2,15216,2025000000,人,18529
0004050397,2025_01,2,15217,2025000000,人,14348
0004050397,2025_01,2,15218,2025000000,人,22528
0004050397,2025_01,2,15222,2025000000,人,90073
0004050397,2025_01,2,15223,2025000000,人,19402
0004050397,2025_01,2,15224,2025000000,人,23347
0004050397,2025_01,2,15225,2025000000,人,15822
0004050397,2025_01,2,15226,2025000000,人,26096
0004050397,2025_01,2,15227,2025000000,人,13289
0004050397,2025_01,2,15307,2025000000,人,7004
0004050397,2025_01,2,15342,2025000000,人,3699
0004050397,2025_01,2,15361,2025000000,人,5377
0004050397,2025_01,2,15385,2025000000,人,4285
0004050397,2025_01,2,15405,2025000000,人,1846
0004050397,2025_01,2,15461,2025000000,人,3601
0004050397,2025_01,2,15482,2025000000,人,4094
0004050397,2025_01,2,15504,2025000000,人,1974
0004050397,2025_01,2,15581,2025000000,人,2242
0004050397,2025_01,2,15586,2025000000,人,139
0004050397,2025_01,2,16000,2025000000,人,505159
0004050397,2025_01,2,16201,2025000000,人,205118
0004050397,2025_01,2,16202,2025000000,人,81916
0004050397,2025_01,2,16204,2025000000,人,19148
0004050397,2025_01,2,16205,2025000000,人,20427
0004050397,2025_01,2,16206,2025000000,人,15941
0004050397,2025_01,2,16207,2025000000,人,19069
0004050397,2025_01,2,16208,2025000000,人,23543
0004050397,2025_01,2,16209,2025000000,人,13673
0004050397,2025_01,2,16210,2025000000,人,22669
0004050397,2025_01,2,16211,2025000000,人,44624
0004050397,2025_01,2,16321,2025000000,人,1682
0004050397,2025_01,2,16322,2025000000,人,9214
0004050397,2025_01,2,16323,2025000000,人,11988
0004050397,2025_01,2,16342,2025000000,人,11080
0004050397,2025_01,2,16343,2025000000,人,5067
0004050397,2025_01,2,17000,2025000000,人,558421
0004050397,2025_01,2,17201,2025000000,人,234353
0004050397,2025_01,2,17202,2025000000,人,22907
0004050397,2025_01,2,17203,2025000000,人,52556
0004050397,2025_01,2,17204,2025000000,人,8949
0004050397,2025_01,2,17205,2025000000,人,4258
0004050397,2025_01,2,17206,2025000000,人,30914
0004050397,2025_01,2,17207,2025000000,人,9871
0004050397,2025_01,2,17209,2025000000,人,18529
0004050397,2025_01,2,17210,2025000000,人,56147
0004050397,2025_01,2,17211,2025000000,人,24390
0004050397,2025_01,2,17212,2025000000,人,28673
0004050397,2025_01,2,17324,2025000000,人,2960
0004050397,2025_01,2,17361,2025000000,人,19007
0004050397,2025_01,2,17365,2025000000,人,13178
0004050397,2025_01,2,17384,2025000000,人,8187
0004050397,2025_01,2,17386,2025000000,人,5810
0004050397,2025_01,2,17407,2025000000,人,7804
0004050397,2025_01,2,17461,2025000000,人,3408
0004050397,2025_01,2,17463,2025000000,人,6520
0004050397,2025_01,2,18000,2025000000,人,373869
0004050397,2025_01,2,18201,2025000000,人,129346
0004050397,2025_01,2,18202,2025000000,人,30919
0004050397,2025_01,2,18204,2025000000,人,13442
0004050397,2025_01,2,18205,2025000000,人,14527
0004050397,2025_01,2,18206,2025000000,人,10583
0004050397,2025_01,2,18207,2025000000,人,34375
0004050397,2025_01,2,18208,2025000000,人,13524
0004050397,2025_01,2,18209,2025000000,人,40191
0004050397,2025_01,2,18210,2025000000,人,43778
0004050397,2025_01,2,18322,2025000000,人,9243
0004050397,2025_01,2,18382,2025000000,人,1030
0004050397,2025_01,2,18404,2025000000,人,4656
0004050397,2025_01,2,18423,2025000000,人,9564
0004050397,2025_01,2,18442,2025000000,人,4109
0004050397,2025_01,2,18481,2025000000,人,4407
0004050397,2025_01,2,18483,2025000000,人,3639
0004050397,2025_01,2,18501,2025000000,人,6536
0004050397,2025_01,2,19000,2025000000,人,397031
0004050397,2025_01,2,19201,2025000000,人,93519
0004050397,2025_01,2,19202,2025000000,人,22580
0004050397,2025_01,2,19204,2025000000,人,15777
0004050397,2025_01,2,19205,2025000000,人,16345
0004050397,2025_01,2,19206,2025000000,人,10251
0004050397,2025_01,2,19207,2025000000,人,13875
0004050397,2025_01,2,19208,2025000000,人,35035
0004050397,2025_01,2,19209,2025000000,人,21444
0004050397,2025_01,2,19210,2025000000,人,38247
0004050397,2025_01,2,19211,2025000000,人,32992
0004050397,2025_01,2,19212,2025000000,人,10403
0004050397,2025_01,2,19213,2025000000,人,14027
0004050397,2025_01,2,19214,2025000000,人,15093
0004050397,2025_01,2,19346,2025000000,人,6871
0004050397,2025_01,2,19364,2025000000,人,381
0004050397,2025_01,2,19365,2025000000,人,4497
0004050397,2025_01,2,19366,2025000000,人,3167
0004050397,2025_01,2,19368,2025000000,人,6803
0004050397,2025_01,2,19384,2025000000,人,10958
0004050397,2025_01,2,19422,2025000000,人,732
0004050397,2025_01,2,19423,2025000000,人,1867
0004050397,2025_01,2,19424,2025000000,人,4126
0004050397,2025_01,2,19425,2025000000,人,2639
0004050397,2025_01,2,19429,2025000000,人,1394
0004050397,2025_01,2,19430,2025000000,人,13473
0004050397,2025_01,2,19442,2025000000,人,291
0004050397,2025_01,2,19443,2025000000,人,244
0004050397,2025_01,2,20000,2025000000,人,999243
0004050397,2025_01,2,20201,2025000000,人,183480
0004050397,2025_01,2,20202,2025000000,人,118888
0004050397,2025_01,2,20203,2025000000,人,73844
0004050397,2025_01,2,20204,2025000000,人,22898
0004050397,2025_01,2,20205,2025000000,人,46591
0004050397,2025_01,2,20206,2025000000,人,23808
0004050397,2025_01,2,20207,2025000000,人,24408
0004050397,2025_01,2,20208,2025000000,人,20667
0004050397,2025_01,2,20209,2025000000,人,32442
0004050397,2025_01,2,20210,2025000000,人,15710
0004050397,2025_01,2,20211,2025000000,人,20701
0004050397,2025_01,2,20212,2025000000,人,12292
0004050397,2025_01,2,20213,2025000000,人,9104
0004050397,2025_01,2,20214,2025000000,人,27141
0004050397,2025_01,2,20215,2025000000,人,32684
0004050397,2025_01,2,20217,2025000000,人,49422
0004050397,2025_01,2,20218,2025000000,人,29598
0004050397,2025_01,2,20219,2025000000,人,14367
0004050397,2025_01,2,20220,2025000000,人,47621
0004050397,2025_01,2,20303,2025000000,人,2050
0004050397,2025_01,2,20304,2025000000,人,1532
0004050397,2025_01,2,20305,2025000000,人,1382
0004050397,2025_01,2,20306,2025000000,人,424
0004050397,2025_01,2,20307,2025000000,人,297
0004050397,2025_01,2,20309,2025000000,人,4903
0004050397,2025_01,2,20321,2025000000,人,9781
0004050397,2025_01,2,20323,2025000000,人,8349
0004050397,2025_01,2,20324,2025000000,人,3123
0004050397,2025_01,2,20349,2025000000,人,1938
0004050397,2025_01,2,20350,2025000000,人,2582
0004050397,2025_01,2,20361,2025000000,人,9213
0004050397,2025_01,2,20362,2025000000,人,6832
0004050397,2025_01,2,20363,2025000000,人,4029
0004050397,2025_01,2,20382,2025000000,人,8788
0004050397,2025_01,2,20383,2025000000,人,11883
0004050397,2025_01,2,20384,2025000000,人,4338
0004050397,2025_01,2,20385,2025000000,人,8046
0004050397,2025_01,2,20386,2025000000,人,2285
0004050397,2025_01,2,20388,2025000000,人,4130
0004050397,2025_01,2,20402,2025000000,人,6067
0004050397,2025_01,2,20403,2025000000,人,6283
0004050397,2025_01,2,20404,2025000000,人,1919
0004050397,2025_01,2,20407,2025000000,人,2956
0004050397,2025_01,2,20409,2025000000,人,176
0004050397,2025_01,2,20410,2025000000,人,391
0004050397,2025_01,2,20411,2025000000,人,1635
0004050397,2025_01,2,20412,2025000000,人,233
0004050397,2025_01,2,20413,2025000000,人,501
0004050397,2025_01,2,20414,2025000000,人,729
0004050397,2025_01,2,20415,2025000000,人,2806
0004050397,2025_01,2,20416,2025000000,人,3104
0004050397,2025_01,2,20417,2025000000,人,404
0004050397,2025_01,2,20422,2025000000,人,1859
0004050397,2025_01,2,20423,2025000000,人,1789
0004050397,2025_01,2,20425,2025000000,人,1268
0004050397,2025_01,2,20429,2025000000,人,302
0004050397,2025_01,2,20430,2025000000,人,1516
0004050397,2025_01,2,20432,2025000000,人,4916
0004050397,2025_01,2,20446,2025000000,人,1203
0004050397,2025_01,2,20448,2025000000,人,741
0004050397,2025_01,2,20450,2025000000,人,4148
0004050397,2025_01,2,20451,2025000000,人,2057
0004050397,2025_01,2,20452,2025000000,人,1896
0004050397,2025_01,2,20481,2025000000,人,4443
0004050397,2025_01,2,20482,2025000000,人,4919
0004050397,2025_01,2,20485,2025000000,人,4200
0004050397,2025_01,2,20486,2025000000,人,1153
0004050397,2025_01,2,20521,2025000000,人,6488
0004050397,2025_01,2,20541,2025000000,人,5482
0004050397,2025_01,2,20543,2025000000,人,3141
0004050397,2025_01,2,20561,2025000000,人,5261
0004050397,2025_01,2,20562,2025000000,人,2009
0004050397,2025_01,2,20563,2025000000,人,1506
0004050397,2025_01,2,20583,2025000000,人,3487
0004050397,2025_01,2,20588,2025000000,人,1014
0004050397,2025_01,2,20590,2025000000,人,4889
0004050397,2025_01,2,20602,2025000000,人,781
0004050397,2025_01,2,21000,2025000000,人,972953
0004050397,2025_01,2,21201,2025000000,人,203563
0004050397,2025_01,2,21202,2025000000,人,79451
0004050397,2025_01,2,21203,2025000000,人,41449
0004050397,2025_01,2,21204,2025000000,人,52916
0004050397,2025_01,2,21205,2025000000,人,41376
0004050397,2025_01,2,21206,2025000000,人,36222
0004050397,2025_01,2,21207,2025000000,人,9036
0004050397,2025_01,2,21208,2025000000,人,17908
0004050397,2025_01,2,21209,2025000000,人,32830
0004050397,2025_01,2,21210,2025000000,人,22514
0004050397,2025_01,2,21211,2025000000,人,28678
0004050397,2025_01,2,21212,2025000000,人,26238
0004050397,2025_01,2,21213,2025000000,人,71592
0004050397,2025_01,2,21214,2025000000,人,49385
0004050397,2025_01,2,21215,2025000000,人,12080
0004050397,2025_01,2,21216,2025000000,人,28601
0004050397,2025_01,2,21217,2025000000,人,10618
0004050397,2025_01,2,21218,2025000000,人,16371
0004050397,2025_01,2,21219,2025000000,人,18090
0004050397,2025_01,2,21220,2025000000,人,14375
0004050397,2025_01,2,21221,2025000000,人,15163
0004050397,2025_01,2,21302,2025000000,人,13318
0004050397,2025_01,2,21303,2025000000,人,11401
0004050397,2025_01,2,21341,2025000000,人,12395
0004050397,2025_01,2,21361,2025000000,人,12709
0004050397,2025_01,2,21362,2025000000,人,2971
0004050397,2025_01,2,21381,2025000000,人,8959
0004050397,2025_01,2,21382,2025000000,人,4448
0004050397,2025_01,2,21383,2025000000,人,7063
0004050397,2025_01,2,21401,2025000000,人,8915
0004050397,2025_01,2,21403,2025000000,人,10471
0004050397,2025_01,2,21404,2025000000,人,11034
0004050397,2025_01,2,21421,2025000000,人,9545
0004050397,2025_01,2,21501,2025000000,人,3933
0004050397,2025_01,2,21502,2025000000,人,2983
0004050397,2025_01,2,21503,2025000000,人,4702
0004050397,2025_01,2,21504,2025000000,人,1505
0004050397,2025_01,2,21505,2025000000,人,4822
0004050397,2025_01,2,21506,2025000000,人,3401
0004050397,2025_01,2,21507,2025000000,人,969
0004050397,2025_01,2,21521,2025000000,人,8234
0004050397,2025_01,2,21604,2025000000,人,719
0004050397,2025_01,2,22000,2025000000,人,1761405
0004050397,2025_01,2,22100,2025000000,人,339605
0004050397,2025_01,2,22101,2025000000,人,123923
0004050397,2025_01,2,22102,2025000000,人,104516
0004050397,2025_01,2,22103,2025000000,人,111166
0004050397,2025_01,2,22130,2025000000,人,386118
0004050397,2025_01,2,22138,2025000000,人,297749
0004050397,2025_01,2,22139,2025000000,人,76234
0004050397,2025_01,2,22140,2025000000,人,12135
0004050397,2025_01,2,22203,2025000000,人,91205
0004050397,2025_01,2,22205,2025000000,人,17197
0004050397,2025_01,2,22206,2025000000,人,53045
0004050397,2025_01,2,22207,2025000000,人,60109
0004050397,2025_01,2,22208,2025000000,人,32527
0004050397,2025_01,2,22209,2025000000,人,46764
0004050397,2025_01,2,22210,2025000000,人,120386
0004050397,2025_01,2,22211,2025000000,人,79734
0004050397,2025_01,2,22212,2025000000,人,66901
0004050397,2025_01,2,22213,2025000000,人,55576
0004050397,2025_01,2,22214,2025000000,人,69297
0004050397,2025_01,2,22215,2025000000,人,39917
0004050397,2025_01,2,22216,2025000000,人,42963
0004050397,2025_01,2,22219,2025000000,人,9300
0004050397,2025_01,2,22220,2025000000,人,23706
0004050397,2025_01,2,22221,2025000000,人,26637
0004050397,2025_01,2,22222,2025000000,人,13521
0004050397,2025_01,2,22223,2025000000,人,13975
0004050397,2025_01,2,22224,2025000000,人,22627
0004050397,2025_01,2,22225,2025000000,人,22888
0004050397,2025_01,2,22226,2025000000,人,20471
0004050397,2025_01,2,22301,2025000000,人,5410
0004050397,2025_01,2,22302,2025000000,人,3127
0004050397,2025_01,2,22304,2025000000,人,3672
0004050397,2025_01,2,22305,2025000000,人,2770
0004050397,2025_01,2,22306,2025000000,人,3189
0004050397,2025_01,2,22325,2025000000,人,17982
0004050397,2025_01,2,22341,2025000000,人,16042
0004050397,2025_01,2,22342,2025000000,人,21951
0004050397,2025_01,2,22344,2025000000,人,8143
0004050397,2025_01,2,22424,2025000000,人,14001
0004050397,2025_01,2,22429,2025000000,人,2675
0004050397,2025_01,2,22461,2025000000,人,7974
0004050397,2025_01,2,23000,2025000000,人,3738986
0004050397,2025_01,2,23100,2025000000,人,1194289
0004050397,2025_01,2,23101,2025000000,人,88972
0004050397,2025_01,2,23102,2025000000,人,47369
0004050397,2025_01,2,23103,2025000000,人,81942
0004050397,2025_01,2,23104,2025000000,人,77707
0004050397,2025_01,2,23105,2025000000,人,72199
0004050397,2025_01,2,23106,2025000000,人,53535
0004050397,2025_01,2,23107,2025000000,人,55646
0004050397,2025_01,2,23108,2025000000,人,56922
0004050397,2025_01,2,23109,2025000000,人,34053
0004050397,2025_01,2,23110,2025000000,人,109450
0004050397,2025_01,2,23111,2025000000,人,66477
0004050397,2025_01,2,23112,2025000000,人,65363
0004050397,2025_01,2,23113,2025000000,人,90639
0004050397,2025_01,2,23114,2025000000,人,126428
0004050397,2025_01,2,23115,2025000000,人,84578
0004050397,2025_01,2,23116,2025000000,人,83009
0004050397,2025_01,2,23201,2025000000,人,179987
0004050397,2025_01,2,23202,2025000000,人,187594
0004050397,2025_01,2,23203,2025000000,人,190057
0004050397,2025_01,2,23204,2025000000,人,62955
0004050397,2025_01,2,23205,2025000000,人,56210
0004050397,2025_01,2,23206,2025000000,人,153997
0004050397,2025_01,2,23207,2025000000,人,91880
0004050397,2025_01,2,23208,2025000000,人,29776
0004050397,2025_01,2,23209,2025000000,人,34608
0004050397,2025_01,2,23210,2025000000,人,73502
0004050397,2025_01,2,23211,2025000000,人,196130
0004050397,2025_01,2,23212,2025000000,人,91539
0004050397,2025_01,2,23213,2025000000,人,82274
0004050397,2025_01,2,23214,2025000000,人,37943
0004050397,2025_01,2,23215,2025000000,人,35253
0004050397,2025_01,2,23216,2025000000,人,29399
0004050397,2025_01,2,23217,2025000000,人,48199
0004050397,2025_01,2,23219,2025000000,人,71406
0004050397,2025_01,2,23220,2025000000,人,66127
0004050397,2025_01,2,23221,2025000000,人,20424
0004050397,2025_01,2,23222,2025000000,人,54431
0004050397,2025_01,2,23223,2025000000,人,45772
0004050397,2025_01,2,23224,2025000000,人,41229
0004050397,2025_01,2,23225,2025000000,人,34340
0004050397,2025_01,2,23226,2025000000,人,42396
0004050397,2025_01,2,23227,2025000000,人,23004
0004050397,2025_01,2,23228,2025000000,人,23903
0004050397,2025_01,2,23229,2025000000,人,33892
0004050397,2025_01,2,23230,2025000000,人,47922
0004050397,2025_01,2,23231,2025000000,人,27010
0004050397,2025_01,2,23232,2025000000,人,29752
0004050397,2025_01,2,23233,2025000000,人,33787
0004050397,2025_01,2,23234,2025000000,人,43368
0004050397,2025_01,2,23235,2025000000,人,21127
0004050397,2025_01,2,23236,2025000000,人,29938
0004050397,2025_01,2,23237,2025000000,人,43686
0004050397,2025_01,2,23238,2025000000,人,32478
0004050397,2025_01,2,23302,2025000000,人,22036
0004050397,2025_01,2,23342,2025000000,人,7741
0004050397,2025_01,2,23361,2025000000,人,11750
0004050397,2025_01,2,23362,2025000000,人,17285
0004050397,2025_01,2,23424,2025000000,人,16178
0004050397,2025_01,2,23425,2025000000,人,18395
0004050397,2025_01,2,23427,2025000000,人,2219
0004050397,2025_01,2,23441,2025000000,人,13931
0004050397,2025_01,2,23442,2025000000,人,24683
0004050397,2025_01,2,23445,2025000000,人,7453
0004050397,2025_01,2,23446,2025000000,人,10322
0004050397,2025_01,2,23447,2025000000,人,21264
0004050397,2025_01,2,23501,2025000000,人,20543
0004050397,2025_01,2,23561,2025000000,人,1913
0004050397,2025_01,2,23562,2025000000,人,1262
0004050397,2025_01,2,23563,2025000000,人,427
0004050397,2025_01,2,24000,2025000000,人,866778
0004050397,2025_01,2,24201,2025000000,人,135275
0004050397,2025_01,2,24202,2025000000,人,152266
0004050397,2025_01,2,24203,2025000000,人,60805
0004050397,2025_01,2,24204,2025000000,人,78726
0004050397,2025_01,2,24205,2025000000,人,67930
0004050397,2025_01,2,24207,2025000000,人,95497
0004050397,2025_01,2,24208,2025000000,人,37446
0004050397,2025_01,2,24209,2025000000,人,7586
0004050397,2025_01,2,24210,2025000000,人,24270
0004050397,2025_01,2,24211,2025000000,人,8005
0004050397,2025_01,2,24212,2025000000,人,7506
0004050397,2025_01,2,24214,2025000000,人,21306
0004050397,2025_01,2,24215,2025000000,人,21841
0004050397,2025_01,2,24216,2025000000,人,41858
0004050397,2025_01,2,24303,2025000000,人,2774
0004050397,2025_01,2,24324,2025000000,人,13002
0004050397,2025_01,2,24341,2025000000,人,19912
0004050397,2025_01,2,24343,2025000000,人,5618
0004050397,2025_01,2,24344,2025000000,人,7727
0004050397,2025_01,2,24441,2025000000,人,6747
0004050397,2025_01,2,24442,2025000000,人,11290
0004050397,2025_01,2,24443,2025000000,人,4088
0004050397,2025_01,2,24461,2025000000,人,7494
0004050397,2025_01,2,24470,2025000000,人,3743
0004050397,2025_01,2,24471,2025000000,人,3495
0004050397,2025_01,2,24472,2025000000,人,4948
0004050397,2025_01,2,24543,2025000000,人,6586
0004050397,2025_01,2,24561,2025000000,人,3865
0004050397,2025_01,2,24562,2025000000,人,5172
0004050397,2025_01,2,25000,2025000000,人,706391
0004050397,2025_01,2,25201,2025000000,人,178227
0004050397,2025_01,2,25202,2025000000,人,56158
0004050397,2025_01,2,25203,2025000000,人,55433
0004050397,2025_01,2,25204,2025000000,人,40592
0004050397,2025_01,2,25206,2025000000,人,73944
0004050397,2025_01,2,25207,2025000000,人,43149
0004050397,2025_01,2,25208,2025000000,人,34920
0004050397,2025_01,2,25209,2025000000,人,42499
0004050397,2025_01,2,25210,2025000000,人,25148
0004050397,2025_01,2,25211,2025000000,人,25765
0004050397,2025_01,2,25212,2025000000,人,22059
0004050397,2025_01,2,25213,2025000000,人,55015
0004050397,2025_01,2,25214,2025000000,人,18088
0004050397,2025_01,2,25383,2025000000,人,9864
0004050397,2025_01,2,25384,2025000000,人,5257
0004050397,2025_01,2,25425,2025000000,人,10213
0004050397,2025_01,2,25441,2025000000,人,3497
0004050397,2025_01,2,25442,2025000000,人,2949
0004050397,2025_01,2,25443,2025000000,人,3614
0004050397,2025_01,2,26000,2025000000,人,1311743
0004050397,2025_01,2,26100,2025000000,人,757296
0004050397,2025_01,2,26101,2025000000,人,60216
0004050397,2025_01,2,26102,2025000000,人,44944
0004050397,2025_01,2,26103,2025000000,人,84587
0004050397,2025_01,2,26104,2025000000,人,60691
0004050397,2025_01,2,26105,2025000000,人,19729
0004050397,2025_01,2,26106,2025000000,人,45751
0004050397,2025_01,2,26107,2025000000,人,51694
0004050397,2025_01,2,26108,2025000000,人,104954
0004050397,2025_01,2,26109,2025000000,人,140717
0004050397,2025_01,2,26110,2025000000,人,68709
0004050397,2025_01,2,26111,2025000000,人,75304
0004050397,2025_01,2,26201,2025000000,人,36756
0004050397,2025_01,2,26202,2025000000,人,36913
0004050397,2025_01,2,26203,2025000000,人,15548
0004050397,2025_01,2,26204,2025000000,人,90574
0004050397,2025_01,2,26205,2025000000,人,7967
0004050397,2025_01,2,26206,2025000000,人,43230
0004050397,2025_01,2,26207,2025000000,人,37404
0004050397,2025_01,2,26208,2025000000,人,29026
0004050397,2025_01,2,26209,2025000000,人,42344
0004050397,2025_01,2,26210,2025000000,人,34902
0004050397,2025_01,2,26211,2025000000,人,38135
0004050397,2025_01,2,26212,2025000000,人,24351
0004050397,2025_01,2,26213,2025000000,人,15409
0004050397,2025_01,2,26214,2025000000,人,40852
0004050397,2025_01,2,26303,2025000000,人,8329
0004050397,2025_01,2,26322,2025000000,人,7497
0004050397,2025_01,2,26343,2025000000,人,3570
0004050397,2025_01,2,26344,2025000000,人,4095
0004050397,2025_01,2,26364,2025000000,人,508
0004050397,2025_01,2,26365,2025000000,人,1598
0004050397,2025_01,2,26366,2025000000,人,18072
0004050397,2025_01,2,26367,2025000000,人,1131
0004050397,2025_01,2,26407,2025000000,人,5945
0004050397,2025_01,2,26463,2025000000,人,854
0004050397,2025_01,2,26465,2025000000,人,9437
0004050397,2025_01,2,27000,2025000000,人,4584729
0004050397,2025_01,2,27100,2025000000,人,1461427
0004050397,2025_01,2,27102,2025000000,人,57350
0004050397,2025_01,2,27103,2025000000,人,44217
0004050397,2025_01,2,27104,2025000000,人,32287
0004050397,2025_01,2,27106,2025000000,人,61254
0004050397,2025_01,2,27107,2025000000,人,41696
0004050397,2025_01,2,27108,2025000000,人,30945
0004050397,2025_01,2,27109,2025000000,人,47307
0004050397,2025_01,2,27111,2025000000,人,43643
0004050397,2025_01,2,27113,2025000000,人,49917
0004050397,2025_01,2,27114,2025000000,人,90769
0004050397,2025_01,2,27115,2025000000,人,47716
0004050397,2025_01,2,27116,2025000000,人,67296
0004050397,2025_01,2,27117,2025000000,人,47544
0004050397,2025_01,2,27118,2025000000,人,89310
0004050397,2025_01,2,27119,2025000000,人,60722
0004050397,2025_01,2,27120,2025000000,人,80854
0004050397,2025_01,2,27121,2025000000,人,69954
0004050397,2025_01,2,27122,2025000000,人,47261
0004050397,2025_01,2,27123,2025000000,人,95742
0004050397,2025_01,2,27124,2025000000,人,58084
0004050397,2025_01,2,27125,2025000000,人,60103
0004050397,2025_01,2,27126,2025000000,人,97038
0004050397,2025_01,2,27127,2025000000,人,77003
0004050397,2025_01,2,27128,2025000000,人,63415
0004050397,2025_01,2,27140,2025000000,人,422387
0004050397,2025_01,2,27141,2025000000,人,76089
0004050397,2025_01,2,27142,2025000000,人,60748
0004050397,2025_01,2,27143,2025000000,人,44211
0004050397,2025_01,2,27144,2025000000,人,69220
0004050397,2025_01,2,27145,2025000000,人,69213
0004050397,2025_01,2,27146,2025000000,人,84250
0004050397,2025_01,2,27147,2025000000,人,18656
0004050397,2025_01,2,27202,2025000000,人,98100
0004050397,2025_01,2,27203,2025000000,人,213677
0004050397,2025_01,2,27204,2025000000,人,55024
0004050397,2025_01,2,27205,2025000000,人,206509
0004050397,2025_01,2,27206,2025000000,人,37967
0004050397,2025_01,2,27207,2025000000,人,181760
0004050397,2025_01,2,27208,2025000000,人,41282
0004050397,2025_01,2,27209,2025000000,人,72853
0004050397,2025_01,2,27210,2025000000,人,206521
0004050397,2025_01,2,27211,2025000000,人,149778
0004050397,2025_01,2,27212,2025000000,人,136069
0004050397,2025_01,2,27213,2025000000,人,52300
0004050397,2025_01,2,27214,2025000000,人,55146
0004050397,2025_01,2,27215,2025000000,人,115681
0004050397,2025_01,2,27216,2025000000,人,50863
0004050397,2025_01,2,27217,2025000000,人,59984
0004050397,2025_01,2,27218,2025000000,人,58608
0004050397,2025_01,2,27219,2025000000,人,94559
0004050397,2025_01,2,27220,2025000000,人,73982
0004050397,2025_01,2,27221,2025000000,人,34290
0004050397,2025_01,2,27222,2025000000,人,55313
0004050397,2025_01,2,27223,2025000000,人,57390
0004050397,2025_01,2,27224,2025000000,人,44062
0004050397,2025_01,2,27225,2025000000,人,28320
0004050397,2025_01,2,27226,2025000000,人,32420
0004050397,2025_01,2,27227,2025000000,人,248673
0004050397,2025_01,2,27228,2025000000,人,29508
0004050397,2025_01,2,27229,2025000000,人,27700
0004050397,2025_01,2,27230,2025000000,人,39725
0004050397,2025_01,2,27231,2025000000,人,30670
0004050397,2025_01,2,27232,2025000000,人,25183
0004050397,2025_01,2,27301,2025000000,人,16815
0004050397,2025_01,2,27321,2025000000,人,8802
0004050397,2025_01,2,27322,2025000000,人,4118
0004050397,2025_01,2,27341,2025000000,人,8134
0004050397,2025_01,2,27361,2025000000,人,22107
0004050397,2025_01,2,27362,2025000000,人,4075
0004050397,2025_01,2,27366,2025000000,人,7024
0004050397,2025_01,2,27381,2025000000,人,6205
0004050397,2025_01,2,27382,2025000000,人,7442
0004050397,2025_01,2,27383,2025000000,人,2276
0004050397,2025_01,2,28000,2025000000,人,2799034
0004050397,2025_01,2,28100,2025000000,人,795512
0004050397,2025_01,2,28101,2025000000,人,113449
0004050397,2025_01,2,28102,2025000000,人,73552
0004050397,2025_01,2,28105,2025000000,人,57737
0004050397,2025_01,2,28106,2025000000,人,49219
0004050397,2025_01,2,28107,2025000000,人,82399
0004050397,2025_01,2,28108,2025000000,人,111505
0004050397,2025_01,2,28109,2025000000,人,107600
0004050397,2025_01,2,28110,2025000000,人,81628
0004050397,2025_01,2,28111,2025000000,人,118423
0004050397,2025_01,2,28201,2025000000,人,267519
0004050397,2025_01,2,28202,2025000000,人,238490
0004050397,2025_01,2,28203,2025000000,人,159117
0004050397,2025_01,2,28204,2025000000,人,259497
0004050397,2025_01,2,28205,2025000000,人,20135
0004050397,2025_01,2,28206,2025000000,人,51031
0004050397,2025_01,2,28207,2025000000,人,102109
0004050397,2025_01,2,28208,2025000000,人,13464
0004050397,2025_01,2,28209,2025000000,人,37427
0004050397,2025_01,2,28210,2025000000,人,130095
0004050397,2025_01,2,28212,2025000000,人,22191
0004050397,2025_01,2,28213,2025000000,人,18612
0004050397,2025_01,2,28214,2025000000,人,118179
0004050397,2025_01,2,28215,2025000000,人,37077
0004050397,2025_01,2,28216,2025000000,人,43065
0004050397,2025_01,2,28217,2025000000,人,79615
0004050397,2025_01,2,28218,2025000000,人,23668
0004050397,2025_01,2,28219,2025000000,人,54727
0004050397,2025_01,2,28220,2025000000,人,20440
0004050397,2025_01,2,28221,2025000000,人,19330
0004050397,2025_01,2,28222,2025000000,人,10287
0004050397,2025_01,2,28223,2025000000,人,29864
0004050397,2025_01,2,28224,2025000000,人,21466
0004050397,2025_01,2,28225,2025000000,人,13808
0004050397,2025_01,2,28226,2025000000,人,20753
0004050397,2025_01,2,28227,2025000000,人,16341
0004050397,2025_01,2,28228,2025000000,人,19826
0004050397,2025_01,2,28229,2025000000,人,35867
0004050397,2025_01,2,28301,2025000000,人,14595
0004050397,2025_01,2,28365,2025000000,人,8962
0004050397,2025_01,2,28381,2025000000,人,15113
0004050397,2025_01,2,28382,2025000000,人,17075
0004050397,2025_01,2,28442,2025000000,人,5092
0004050397,2025_01,2,28443,2025000000,人,9380
0004050397,2025_01,2,28446,2025000000,人,5024
0004050397,2025_01,2,28464,2025000000,人,16683
0004050397,2025_01,2,28481,2025000000,人,6582
0004050397,2025_01,2,28501,2025000000,人,7335
0004050397,2025_01,2,28585,2025000000,人,7399
0004050397,2025_01,2,28586,2025000000,人,6282
0004050397,2025_01,2,29000,2025000000,人,673878
0004050397,2025_01,2,29201,2025000000,人,182741
0004050397,2025_01,2,29202,2025000000,人,31762
0004050397,2025_01,2,29203,2025000000,人,43004
0004050397,2025_01,2,29204,2025000000,人,30448
0004050397,2025_01,2,29205,2025000000,人,62227
0004050397,2025_01,2,29206,2025000000,人,27836
0004050397,2025_01,2,29207,2025000000,人,13279
0004050397,2025_01,2,29208,2025000000,人,11599
0004050397,2025_01,2,29209,2025000000,人,60676
0004050397,2025_01,2,29210,2025000000,人,40922
0004050397,2025_01,2,29211,2025000000,人,19317
0004050397,2025_01,2,29212,2025000000,人,13294
0004050397,2025_01,2,29322,2025000000,人,1449
0004050397,2025_01,2,29342,2025000000,人,9238
0004050397,2025_01,2,29343,2025000000,人,11796
0004050397,2025_01,2,29344,2025000000,人,14269
0004050397,2025_01,2,29345,2025000000,人,3581
0004050397,2025_01,2,29361,2025000000,人,3917
0004050397,2025_01,2,29362,2025000000,人,3152
0004050397,2025_01,2,29363,2025000000,人,16032
0004050397,2025_01,2,29385,2025000000,人,630
0004050397,2025_01,2,29386,2025000000,人,651
0004050397,2025_01,2,29401,2025000000,人,3233
0004050397,2025_01,2,29402,2025000000,人,2520
0004050397,2025_01,2,29424,2025000000,人,11230
0004050397,2025_01,2,29425,2025000000,人,12317
0004050397,2025_01,2,29426,2025000000,人,17576
0004050397,2025_01,2,29427,2025000000,人,8379
0004050397,2025_01,2,29441,2025000000,人,2836
0004050397,2025_01,2,29442,2025000000,人,7919
0004050397,2025_01,2,29443,2025000000,人,2186
0004050397,2025_01,2,29444,2025000000,人,266
0004050397,2025_01,2,29446,2025000000,人,524
0004050397,2025_01,2,29447,2025000000,人,138
0004050397,2025_01,2,29449,2025000000,人,1215
0004050397,2025_01,2,29450,2025000000,人,341
0004050397,2025_01,2,29451,2025000000,人,175
0004050397,2025_01,2,29452,2025000000,人,520
0004050397,2025_01,2,29453,2025000000,人,683
0004050397,2025_01,2,30000,2025000000,人,457145
0004050397,2025_01,2,30201,2025000000,人,180898
0004050397,2025_01,2,30202,2025000000,人,23580
0004050397,2025_01,2,30203,2025000000,人,29998
0004050397,2025_01,2,30204,2025000000,人,12166
0004050397,2025_01,2,30205,2025000000,人,10893
0004050397,2025_01,2,30206,2025000000,人,34292
0004050397,2025_01,2,30207,2025000000,人,13021
0004050397,2025_01,2,30208,2025000000,人,29469
0004050397,2025_01,2,30209,2025000000,人,27894
0004050397,2025_01,2,30304,2025000000,人,3895
0004050397,2025_01,2,30341,2025000000,人,7765
0004050397,2025_01,2,30343,2025000000,人,1894
0004050397,2025_01,2,30344,2025000000,人,1264
0004050397,2025_01,2,30361,2025000000,人,5390
0004050397,2025_01,2,30362,2025000000,人,3215
0004050397,2025_01,2,30366,2025000000,人,12589
0004050397,2025_01,2,30381,2025000000,人,3230
0004050397,2025_01,2,30382,2025000000,人,4035
0004050397,2025_01,2,30383,2025000000,人,2327
0004050397,2025_01,2,30390,2025000000,人,3657
0004050397,2025_01,2,30391,2025000000,人,5609
0004050397,2025_01,2,30392,2025000000,人,4345
0004050397,2025_01,2,30401,2025000000,人,9868
0004050397,2025_01,2,30404,2025000000,人,7934
0004050397,2025_01,2,30406,2025000000,人,1673
0004050397,2025_01,2,30421,2025000000,人,6787
0004050397,2025_01,2,30422,2025000000,人,1481
0004050397,2025_01,2,30424,2025000000,人,1162
0004050397,2025_01,2,30427,2025000000,人,190
0004050397,2025_01,2,30428,2025000000,人,6624
0004050397,2025_01,2,31000,2025000000,人,273191
0004050397,2025_01,2,31201,2025000000,人,92305
0004050397,2025_01,2,31202,2025000000,人,75331
0004050397,2025_01,2,31203,2025000000,人,22856
0004050397,2025_01,2,31204,2025000000,人,16241
0004050397,2025_01,2,31302,2025000000,人,5267
0004050397,2025_01,2,31325,2025000000,人,1228
0004050397,2025_01,2,31328,2025000000,人,3040
0004050397,2025_01,2,31329,2025000000,人,7567
0004050397,2025_01,2,31364,2025000000,人,2756
0004050397,2025_01,2,31370,2025000000,人,8054
0004050397,2025_01,2,31371,2025000000,人,7789
0004050397,2025_01,2,31372,2025000000,人,6998
0004050397,2025_01,2,31384,2025000000,人,1848
0004050397,2025_01,2,31386,2025000000,人,7306
0004050397,2025_01,2,31389,2025000000,人,5000
0004050397,2025_01,2,31390,2025000000,人,5111
0004050397,2025_01,2,31401,2025000000,人,1867
0004050397,2025_01,2,31402,2025000000,人,1357
0004050397,2025_01,2,31403,2025000000,人,1270
0004050397,2025_01,2,32000,2025000000,人,325312
0004050397,2025_01,2,32201,2025000000,人,99901
0004050397,2025_01,2,32202,2025000000,人,24855
0004050397,2025_01,2,32203,2025000000,人,87539
0004050397,2025_01,2,32204,2025000000,人,21783
0004050397,2025_01,2,32205,2025000000,人,15442
0004050397,2025_01,2,32206,2025000000,人,17473
0004050397,2025_01,2,32207,2025000000,人,10750
0004050397,2025_01,2,32209,2025000000,人,16927
0004050397,2025_01,2,32343,2025000000,人,5386
0004050397,2025_01,2,32386,2025000000,人,2159
0004050397,2025_01,2,32441,2025000000,人,1548
0004050397,2025_01,2,32448,2025000000,人,1932
0004050397,2025_01,2,32449,2025000000,人,4726
0004050397,2025_01,2,32501,2025000000,人,3229
0004050397,2025_01,2,32505,2025000000,人,2720
0004050397,2025_01,2,32525,2025000000,人,1221
0004050397,2025_01,2,32526,2025000000,人,1192
0004050397,2025_01,2,32527,2025000000,人,275
0004050397,2025_01,2,32528,2025000000,人,6254
0004050397,2025_01,2,33000,2025000000,人,939930
0004050397,2025_01,2,33100,2025000000,人,367766
0004050397,2025_01,2,33101,2025000000,人,159402
0004050397,2025_01,2,33102,2025000000,人,77073
0004050397,2025_01,2,33103,2025000000,人,46651
0004050397,2025_01,2,33104,2025000000,人,84640
0004050397,2025_01,2,33202,2025000000,人,240316
0004050397,2025_01,2,33203,2025000000,人,48142
0004050397,2025_01,2,33204,2025000000,人,26847
0004050397,2025_01,2,33205,2025000000,人,21740
0004050397,2025_01,2,33207,2025000000,人,18502
0004050397,2025_01,2,33208,2025000000,人,35531
0004050397,2025_01,2,33209,2025000000,人,13084
0004050397,2025_01,2,33210,2025000000,人,13067
0004050397,2025_01,2,33211,2025000000,人,14887
0004050397,2025_01,2,33212,2025000000,人,17982
0004050397,2025_01,2,33213,2025000000,人,21402
0004050397,2025_01,2,33214,2025000000,人,19987
0004050397,2025_01,2,33215,2025000000,人,12031
0004050397,2025_01,2,33216,2025000000,人,15730
0004050397,2025_01,2,33346,2025000000,人,6438
0004050397,2025_01,2,33423,2025000000,人,6551
0004050397,2025_01,2,33445,2025000000,人,5423
0004050397,2025_01,2,33461,2025000000,人,6409
0004050397,2025_01,2,33586,2025000000,人,361
0004050397,2025_01,2,33606,2025000000,人,5740
0004050397,2025_01,2,33622,2025000000,人,5418
0004050397,2025_01,2,33623,2025000000,人,2615
0004050397,2025_01,2,33643,2025000000,人,646
0004050397,2025_01,2,33663,2025000000,人,2132
0004050397,2025_01,2,33666,2025000000,人,6057
0004050397,2025_01,2,33681,2025000000,人,5126
0004050397,2025_01,2,34000,2025000000,人,1382263
0004050397,2025_01,2,34100,2025000000,人,608135
0004050397,2025_01,2,34101,2025000000,人,76230
0004050397,2025_01,2,34102,2025000000,人,60335
0004050397,2025_01,2,34103,2025000000,人,73537
0004050397,2025_01,2,34104,2025000000,人,95892
0004050397,2025_01,2,34105,2025000000,人,125702
0004050397,2025_01,2,34106,2025000000,人,68754
0004050397,2025_01,2,34107,2025000000,人,36593
0004050397,2025_01,2,34108,2025000000,人,71092
0004050397,2025_01,2,34202,2025000000,人,98762
0004050397,2025_01,2,34203,2025000000,人,11382
0004050397,2025_01,2,34204,2025000000,人,43650
0004050397,2025_01,2,34205,2025000000,人,61635
0004050397,2025_01,2,34207,2025000000,人,226173
0004050397,2025_01,2,34208,2025000000,人,17312
0004050397,2025_01,2,34209,2025000000,人,24112
0004050397,2025_01,2,34210,2025000000,人,15447
0004050397,2025_01,2,34211,2025000000,人,12637
0004050397,2025_01,2,34212,2025000000,人,97546
0004050397,2025_01,2,34213,2025000000,人,58535
0004050397,2025_01,2,34214,2025000000,人,12901
0004050397,2025_01,2,34215,2025000000,人,9745
0004050397,2025_01,2,34302,2025000000,人,26306
0004050397,2025_01,2,34304,2025000000,人,15251
0004050397,2025_01,2,34307,2025000000,人,11672
0004050397,2025_01,2,34309,2025000000,人,6304
0004050397,2025_01,2,34368,2025000000,人,2670
0004050397,2025_01,2,34369,2025000000,人,7992
0004050397,2025_01,2,34431,2025000000,人,3150
0004050397,2025_01,2,34462,2025000000,人,7162
0004050397,2025_01,2,34545,2025000000,人,3784
0004050397,2025_01,2,35000,2025000000,人,662355
0004050397,2025_01,2,35201,2025000000,人,127038
0004050397,2025_01,2,35202,2025000000,人,79844
0004050397,2025_01,2,35203,2025000000,人,99211
0004050397,2025_01,2,35204,2025000000,人,21412
0004050397,2025_01,2,35206,2025000000,人,56445
0004050397,2025_01,2,35207,2025000000,人,28024
0004050397,2025_01,2,35208,2025000000,人,63021
0004050397,2025_01,2,35210,2025000000,人,24262
0004050397,2025_01,2,35211,2025000000,人,15516
0004050397,2025_01,2,35212,2025000000,人,15176
0004050397,2025_01,2,35213,2025000000,人,10701
0004050397,2025_01,2,35215,2025000000,人,67225
0004050397,2025_01,2,35216,2025000000,人,29632
0004050397,2025_01,2,35305,2025000000,人,6867
0004050397,2025_01,2,35321,2025000000,人,2786
0004050397,2025_01,2,35341,2025000000,人,985
0004050397,2025_01,2,35343,2025000000,人,6973
0004050397,2025_01,2,35344,2025000000,人,5761
0004050397,2025_01,2,35502,2025000000,人,1476
0004050397,2025_01,2,36000,2025000000,人,352437
0004050397,2025_01,2,36201,2025000000,人,126430
0004050397,2025_01,2,36202,2025000000,人,26812
0004050397,2025_01,2,36203,2025000000,人,17449
0004050397,2025_01,2,36204,2025000000,人,33153
0004050397,2025_01,2,36205,2025000000,人,18816
0004050397,2025_01,2,36206,2025000000,人,16521
0004050397,2025_01,2,36207,2025000000,人,13250
0004050397,2025_01,2,36208,2025000000,人,10697
0004050397,2025_01,2,36301,2025000000,人,2247
0004050397,2025_01,2,36302,2025000000,人,636
0004050397,2025_01,2,36321,2025000000,人,963
0004050397,2025_01,2,36341,2025000000,人,12457
0004050397,2025_01,2,36342,2025000000,人,2175
0004050397,2025_01,2,36368,2025000000,人,3255
0004050397,2025_01,2,36383,2025000000,人,1696
0004050397,2025_01,2,36387,2025000000,人,2866
0004050397,2025_01,2,36388,2025000000,人,3903
0004050397,2025_01,2,36401,2025000000,人,7081
0004050397,2025_01,2,36402,2025000000,人,11836
0004050397,2025_01,2,36403,2025000000,人,18202
0004050397,2025_01,2,36404,2025000000,人,6450
0004050397,2025_01,2,36405,2025000000,人,5494
0004050397,2025_01,2,36468,2025000000,人,3439
0004050397,2025_01,2,36489,2025000000,人,6609
0004050397,2025_01,2,37000,2025000000,人,468538
0004050397,2025_01,2,37201,2025000000,人,210321
0004050397,2025_01,2,37202,2025000000,人,54917
0004050397,2025_01,2,37203,2025000000,人,24750
0004050397,2025_01,2,37204,2025000000,人,14872
0004050397,2025_01,2,37205,2025000000,人,28260
0004050397,2025_01,2,37206,2025000000,人,22178
0004050397,2025_01,2,37207,2025000000,人,13350
0004050397,2025_01,2,37208,2025000000,人,29371
0004050397,2025_01,2,37322,2025000000,人,6006
0004050397,2025_01,2,37324,2025000000,人,6572
0004050397,2025_01,2,37341,2025000000,人,13432
0004050397,2025_01,2,37364,2025000000,人,1365
0004050397,2025_01,2,37386,2025000000,人,9487
0004050397,2025_01,2,37387,2025000000,人,11011
0004050397,2025_01,2,37403,2025000000,人,4078
0004050397,2025_01,2,37404,2025000000,人,10270
0004050397,2025_01,2,37406,2025000000,人,8298
0004050397,2025_01,2,38000,2025000000,人,660761
0004050397,2025_01,2,38201,2025000000,人,263245
0004050397,2025_01,2,38202,2025000000,人,74183
0004050397,2025_01,2,38203,2025000000,人,33230
0004050397,2025_01,2,38204,2025000000,人,15096
0004050397,2025_01,2,38205,2025000000,人,56074
0004050397,2025_01,2,38206,2025000000,人,50760
0004050397,2025_01,2,38207,2025000000,人,19320
0004050397,2025_01,2,38210,2025000000,人,17775
0004050397,2025_01,2,38213,2025000000,人,39261
0004050397,2025_01,2,38214,2025000000,人,16553
0004050397,2025_01,2,38215,2025000000,人,17031
0004050397,2025_01,2,38356,2025000000,人,2735
0004050397,2025_01,2,38386,2025000000,人,3258
0004050397,2025_01,2,38401,2025000000,人,15418
0004050397,2025_01,2,38402,2025000000,人,10544
0004050397,2025_01,2,38422,2025000000,人,7165
0004050397,2025_01,2,38442,2025000000,人,3658
0004050397,2025_01,2,38484,2025000000,人,1762
0004050397,2025_01,2,38488,2025000000,人,4646
0004050397,2025_01,2,38506,2025000000,人,9047
0004050397,2025_01,2,39000,2025000000,人,339266
0004050397,2025_01,2,39201,2025000000,人,164886
0004050397,2025_01,2,39202,2025000000,人,5075
0004050397,2025_01,2,39203,2025000000,人,7696
0004050397,2025_01,2,39204,2025000000,人,23824
0004050397,2025_01,2,39205,2025000000,人,12291
0004050397,2025_01,2,39206,2025000000,人,9287
0004050397,2025_01,2,39208,2025000000,人,9129
0004050397,2025_01,2,39209,2025000000,人,5506
0004050397,2025_01,2,39210,2025000000,人,16147
0004050397,2025_01,2,39211,2025000000,人,16199
0004050397,2025_01,2,39212,2025000000,人,12464
0004050397,2025_01,2,39301,2025000000,人,922
0004050397,2025_01,2,39302,2025000000,人,1460
0004050397,2025_01,2,39303,2025000000,人,1201
0004050397,2025_01,2,39304,2025000000,人,1032
0004050397,2025_01,2,39305,2025000000,人,540
0004050397,2025_01,2,39306,2025000000,人,338
0004050397,2025_01,2,39307,2025000000,人,1872
0004050397,2025_01,2,39341,2025000000,人,1571
0004050397,2025_01,2,39344,2025000000,人,1450
0004050397,2025_01,2,39363,2025000000,人,1735
0004050397,2025_01,2,39364,2025000000,人,165
0004050397,2025_01,2,39386,2025000000,人,10349
0004050397,2025_01,2,39387,2025000000,人,2053
0004050397,2025_01,2,39401,2025000000,人,2845
0004050397,2025_01,2,39402,2025000000,人,5995
0004050397,2025_01,2,39403,2025000000,人,2377
0004050397,2025_01,2,39405,2025000000,人,1506
0004050397,2025_01,2,39410,2025000000,人,2349
0004050397,2025_01,2,39411,2025000000,人,2457
0004050397,2025_01,2,39412,2025000000,人,7211
0004050397,2025_01,2,39424,2025000000,人,2000
0004050397,2025_01,2,39427,2025000000,人,660
0004050397,2025_01,2,39428,2025000000,人,4674
0004050397,2025_01,2,40000,2025000000,人,2674516
0004050397,2025_01,2,40100,2025000000,人,476616
0004050397,2025_01,2,40101,2025000000,人,47129
0004050397,2025_01,2,40103,2025000000,人,39845
0004050397,2025_01,2,40105,2025000000,人,27848
0004050397,2025_01,2,40106,2025000000,人,95767
0004050397,2025_01,2,40107,2025000000,人,106161
0004050397,2025_01,2,40108,2025000000,人,32075
0004050397,2025_01,2,40109,2025000000,人,127791
0004050397,2025_01,2,40130,2025000000,人,879157
0004050397,2025_01,2,40131,2025000000,人,175256
0004050397,2025_01,2,40132,2025000000,人,137808
0004050397,2025_01,2,40133,2025000000,人,118337
0004050397,2025_01,2,40134,2025000000,人,145602
0004050397,2025_01,2,40135,2025000000,人,111587
0004050397,2025_01,2,40136,2025000000,人,71113
0004050397,2025_01,2,40137,2025000000,人,119454
0004050397,2025_01,2,40202,2025000000,人,54710
0004050397,2025_01,2,40203,2025000000,人,155817
0004050397,2025_01,2,40204,2025000000,人,28355
0004050397,2025_01,2,40205,2025000000,人,63719
0004050397,2025_01,2,40206,2025000000,人,24120
0004050397,2025_01,2,40207,2025000000,人,31897
0004050397,2025_01,2,40210,2025000000,人,30192
0004050397,2025_01,2,40211,2025000000,人,24826
0004050397,2025_01,2,40212,2025000000,人,15900
0004050397,2025_01,2,40213,2025000000,人,36165
0004050397,2025_01,2,40214,2025000000,人,11899
0004050397,2025_01,2,40215,2025000000,人,20426
0004050397,2025_01,2,40216,2025000000,人,31012
0004050397,2025_01,2,40217,2025000000,人,55440
0004050397,2025_01,2,40218,2025000000,人,57216
0004050397,2025_01,2,40219,2025000000,人,54079
0004050397,2025_01,2,40220,2025000000,人,50964
0004050397,2025_01,2,40221,2025000000,人,38159
0004050397,2025_01,2,40223,2025000000,人,30580
0004050397,2025_01,2,40224,2025000000,人,36696
0004050397,2025_01,2,40225,2025000000,人,13759
0004050397,2025_01,2,40226,2025000000,人,12668
0004050397,2025_01,2,40227,2025000000,人,17155
0004050397,2025_01,2,40228,2025000000,人,25046
0004050397,2025_01,2,40229,2025000000,人,17649
0004050397,2025_01,2,40230,2025000000,人,52696
0004050397,2025_01,2,40231,2025000000,人,24958
0004050397,2025_01,2,40341,2025000000,人,18598
0004050397,2025_01,2,40342,2025000000,人,16158
0004050397,2025_01,2,40343,2025000000,人,23612
0004050397,2025_01,2,40344,2025000000,人,15089
0004050397,2025_01,2,40345,2025000000,人,16682
0004050397,2025_01,2,40348,2025000000,人,4867
0004050397,2025_01,2,40349,2025000000,人,24540
0004050397,2025_01,2,40381,2025000000,人,6403
0004050397,2025_01,2,40382,2025000000,人,14698
0004050397,2025_01,2,40383,2025000000,人,16295
0004050397,2025_01,2,40384,2025000000,人,9761
0004050397,2025_01,2,40401,2025000000,人,3405
0004050397,2025_01,2,40402,2025000000,人,7424
0004050397,2025_01,2,40421,2025000000,人,6459
0004050397,2025_01,2,40447,2025000000,人,16107
0004050397,2025_01,2,40448,2025000000,人,872
0004050397,2025_01,2,40503,2025000000,人,8246
0004050397,2025_01,2,40522,2025000000,人,6919
0004050397,2025_01,2,40544,2025000000,人,9992
0004050397,2025_01,2,40601,2025000000,人,4991
0004050397,2025_01,2,40602,2025000000,人,4030
0004050397,2025_01,2,40604,2025000000,人,4065
0004050397,2025_01,2,40605,2025000000,人,7293
0004050397,2025_01,2,40608,2025000000,人,2626
0004050397,2025_01,2,40609,2025000000,人,1336
0004050397,2025_01,2,40610,2025000000,人,10552
0004050397,2025_01,2,40621,2025000000,人,18026
0004050397,2025_01,2,40625,2025000000,人,8827
0004050397,2025_01,2,40642,2025000000,人,3250
0004050397,2025_01,2,40646,2025000000,人,3507
0004050397,2025_01,2,40647,2025000000,人,8010
0004050397,2025_01,2,41000,2025000000,人,409486
0004050397,2025_01,2,41201,2025000000,人,119617
0004050397,2025_01,2,41202,2025000000,人,58425
0004050397,2025_01,2,41203,2025000000,人,38683
0004050397,2025_01,2,41204,2025000000,人,8934
0004050397,2025_01,2,41205,2025000000,人,25438
0004050397,2025_01,2,41206,2025000000,人,23986
0004050397,2025_01,2,41207,2025000000,人,13848
0004050397,2025_01,2,41208,2025000000,人,22542
0004050397,2025_01,2,41209,2025000000,人,12988
0004050397,2025_01,2,41210,2025000000,人,15239
0004050397,2025_01,2,41327,2025000000,人,8268
0004050397,2025_01,2,41341,2025000000,人,9077
0004050397,2025_01,2,41345,2025000000,人,4903
0004050397,2025_01,2,41346,2025000000,人,13274
0004050397,2025_01,2,41387,2025000000,人,2213
0004050397,2025_01,2,41401,2025000000,人,9485
0004050397,2025_01,2,41423,2025000000,人,3085
0004050397,2025_01,2,41424,2025000000,人,5012
0004050397,2025_01,2,41425,2025000000,人,10752
0004050397,2025_01,2,41441,2025000000,人,3717
0004050397,2025_01,2,42000,2025000000,人,650559
0004050397,2025_01,2,42201,2025000000,人,205410
0004050397,2025_01,2,42202,2025000000,人,119135
0004050397,2025_01,2,42203,2025000000,人,21642
0004050397,2025_01,2,42204,2025000000,人,67814
0004050397,2025_01,2,42205,2025000000,人,50808
0004050397,2025_01,2,42207,2025000000,人,13887
0004050397,2025_01,2,42208,2025000000,人,10060
0004050397,2025_01,2,42209,2025000000,人,12723
0004050397,2025_01,2,42210,2025000000,人,11642
0004050397,2025_01,2,42211,2025000000,人,16563
0004050397,2025_01,2,42212,2025000000,人,11632
0004050397,2025_01,2,42213,2025000000,人,19985
0004050397,2025_01,2,42214,2025000000,人,19957
0004050397,2025_01,2,42307,2025000000,人,20551
0004050397,2025_01,2,42308,2025000000,人,14994
0004050397,2025_01,2,42321,2025000000,人,3719
0004050397,2025_01,2,42322,2025000000,人,6544
0004050397,2025_01,2,42323,2025000000,人,7195
0004050397,2025_01,2,42383,2025000000,人,1071
0004050397,2025_01,2,42391,2025000000,人,7176
0004050397,2025_01,2,42411,2025000000,人,8051
0004050397,2025_01,2,43000,2025000000,人,881437
0004050397,2025_01,2,43100,2025000000,人,385447
0004050397,2025_01,2,43101,2025000000,人,97873
0004050397,2025_01,2,43102,2025000000,人,99368
0004050397,2025_01,2,43103,2025000000,人,47686
0004050397,2025_01,2,43104,2025000000,人,69605
0004050397,2025_01,2,43105,2025000000,人,70915
0004050397,2025_01,2,43202,2025000000,人,61945
0004050397,2025_01,2,43203,2025000000,人,15372
0004050397,2025_01,2,43204,2025000000,人,25104
0004050397,2025_01,2,43205,2025000000,人,11168
0004050397,2025_01,2,43206,2025000000,人,31704
0004050397,2025_01,2,43208,2025000000,人,24089
0004050397,2025_01,2,43210,2025000000,人,23404
0004050397,2025_01,2,43211,2025000000,人,17958
0004050397,2025_01,2,43212,2025000000,人,11283
0004050397,2025_01,2,43213,2025000000,人,28574
0004050397,2025_01,2,43214,2025000000,人,12155
0004050397,2025_01,2,43215,2025000000,人,35957
0004050397,2025_01,2,43216,2025000000,人,33214
0004050397,2025_01,2,43348,2025000000,人,4247
0004050397,2025_01,2,43364,2025000000,人,2535
0004050397,2025_01,2,43367,2025000000,人,4145
0004050397,2025_01,2,43368,2025000000,人,7153
0004050397,2025_01,2,43369,2025000000,人,4436
0004050397,2025_01,2,43403,2025000000,人,18165
0004050397,2025_01,2,43404,2025000000,人,22478
0004050397,2025_01,2,43423,2025000000,人,1809
0004050397,2025_01,2,43424,2025000000,人,3084
0004050397,2025_01,2,43425,2025000000,人,569
0004050397,2025_01,2,43428,2025000000,人,2793
0004050397,2025_01,2,43432,2025000000,人,3484
0004050397,2025_01,2,43433,2025000000,人,4725
0004050397,2025_01,2,43441,2025000000,人,8643
0004050397,2025_01,2,43442,2025000000,人,5218
0004050397,2025_01,2,43443,2025000000,人,17501
0004050397,2025_01,2,43444,2025000000,人,4965
0004050397,2025_01,2,43447,2025000000,人,6067
0004050397,2025_01,2,43468,2025000000,人,5412
0004050397,2025_01,2,43482,2025000000,人,7326
0004050397,2025_01,2,43484,2025000000,人,2012
0004050397,2025_01,2,43501,2025000000,人,5049
0004050397,2025_01,2,43505,2025000000,人,4197
0004050397,2025_01,2,43506,2025000000,人,1715
0004050397,2025_01,2,43507,2025000000,人,946
0004050397,2025_01,2,43510,2025000000,人,1992
0004050397,2025_01,2,43511,2025000000,人,404
0004050397,2025_01,2,43512,2025000000,人,1567
0004050397,2025_01,2,43513,2025000000,人,1165
0004050397,2025_01,2,43514,2025000000,人,7046
0004050397,2025_01,2,43531,2025000000,人,3215
0004050397,2025_01,2,44000,2025000000,人,563028
0004050397,2025_01,2,44201,2025000000,人,243757
0004050397,2025_01,2,44202,2025000000,人,61078
0004050397,2025_01,2,44203,2025000000,人,40622
0004050397,2025_01,2,44204,2025000000,人,30426
0004050397,2025_01,2,44205,2025000000,人,32355
0004050397,2025_01,2,44206,2025000000,人,17317
0004050397,2025_01,2,44207,2025000000,人,7411
0004050397,2025_01,2,44208,2025000000,人,9377
0004050397,2025_01,2,44209,2025000000,人,11151
0004050397,2025_01,2,44210,2025000000,人,12984
0004050397,2025_01,2,44211,2025000000,人,25692
0004050397,2025_01,2,44212,2025000000,人,16157
0004050397,2025_01,2,44213,2025000000,人,17045
0004050397,2025_01,2,44214,2025000000,人,12233
0004050397,2025_01,2,44322,2025000000,人,794
0004050397,2025_01,2,44341,2025000000,人,14087
0004050397,2025_01,2,44461,2025000000,人,3922
0004050397,2025_01,2,44462,2025000000,人,6620
0004050397,2025_01,2,45000,2025000000,人,537652
0004050397,2025_01,2,45201,2025000000,人,205957
0004050397,2025_01,2,45202,2025000000,人,84959
0004050397,2025_01,2,45203,2025000000,人,57582
0004050397,2025_01,2,45204,2025000000,人,24269
0004050397,2025_01,2,45205,2025000000,人,21386
0004050397,2025_01,2,45206,2025000000,人,29464
0004050397,2025_01,2,45207,2025000000,人,7851
0004050397,2025_01,2,45208,2025000000,人,14089
0004050397,2025_01,2,45209,2025000000,人,8190
0004050397,2025_01,2,45341,2025000000,人,13339
0004050397,2025_01,2,45361,2025000000,人,4053
0004050397,2025_01,2,45382,2025000000,人,9331
0004050397,2025_01,2,45383,2025000000,人,3417
0004050397,2025_01,2,45401,2025000000,人,9685
0004050397,2025_01,2,45402,2025000000,人,8049
0004050397,2025_01,2,45403,2025000000,人,441
0004050397,2025_01,2,45404,2025000000,人,2411
0004050397,2025_01,2,45405,2025000000,人,7391
0004050397,2025_01,2,45406,2025000000,人,4928
0004050397,2025_01,2,45421,2025000000,人,8543
0004050397,2025_01,2,45429,2025000000,人,624
0004050397,2025_01,2,45430,2025000000,人,1058
0004050397,2025_01,2,45431,2025000000,人,2119
0004050397,2025_01,2,45441,2025000000,人,5364
0004050397,2025_01,2,45442,2025000000,人,1618
0004050397,2025_01,2,45443,2025000000,人,1534
0004050397,2025_01,2,46000,2025000000,人,797017
0004050397,2025_01,2,46201,2025000000,人,310360
0004050397,2025_01,2,46203,2025000000,人,50123
0004050397,2025_01,2,46204,2025000000,人,9700
0004050397,2025_01,2,46206,2025000000,人,9147
0004050397,2025_01,2,46208,2025000000,人,26190
0004050397,2025_01,2,46210,2025000000,人,19138
0004050397,2025_01,2,46213,2025000000,人,6909
0004050397,2025_01,2,46214,2025000000,人,6521
0004050397,2025_01,2,46215,2025000000,人,44977
0004050397,2025_01,2,46216,2025000000,人,23792
0004050397,2025_01,2,46217,2025000000,人,15912
0004050397,2025_01,2,46218,2025000000,人,62270
0004050397,2025_01,2,46219,2025000000,人,13437
0004050397,2025_01,2,46220,2025000000,人,16025
0004050397,2025_01,2,46221,2025000000,人,14161
0004050397,2025_01,2,46222,2025000000,人,20052
0004050397,2025_01,2,46223,2025000000,人,15772
0004050397,2025_01,2,46224,2025000000,人,11430
0004050397,2025_01,2,46225,2025000000,人,40925
0004050397,2025_01,2,46303,2025000000,人,178
0004050397,2025_01,2,46304,2025000000,人,281
0004050397,2025_01,2,46392,2025000000,人,9368
0004050397,2025_01,2,46404,2025000000,人,4442
0004050397,2025_01,2,46452,2025000000,人,4228
0004050397,2025_01,2,46468,2025000000,人,5861
0004050397,2025_01,2,46482,2025000000,人,3103
0004050397,2025_01,2,46490,2025000000,人,3016
0004050397,2025_01,2,46491,2025000000,人,2734
0004050397,2025_01,2,46492,2025000000,人,6500
0004050397,2025_01,2,46501,2025000000,人,3436
0004050397,2025_01,2,46502,2025000000,人,2448
0004050397,2025_01,2,46505,2025000000,人,5414
0004050397,2025_01,2,46523,2025000000,人,618
0004050397,2025_01,2,46524,2025000000,人,779
0004050397,2025_01,2,46525,2025000000,人,3830
0004050397,2025_01,2,46527,2025000000,人,2973
0004050397,2025_01,2,46529,2025000000,人,3059
0004050397,2025_01,2,46530,2025000000,人,4757
0004050397,2025_01,2,46531,2025000000,人,2571
0004050397,2025_01,2,46532,2025000000,人,2727
0004050397,2025_01,2,46533,2025000000,人,2828
0004050397,2025_01,2,46534,2025000000,人,2549
0004050397,2025_01,2,46535,2025000000,人,2476
0004050397,2025_01,2,47000,2025000000,人,745773
0004050397,2025_01,2,47201,2025000000,人,160529
0004050397,2025_01,2,47205,2025000000,人,51349
0004050397,2025_01,2,47207,2025000000,人,23575
0004050397,2025_01,2,47208,2025000000,人,59856
0004050397,2025_01,2,47209,2025000000,人,33187
0004050397,2025_01,2,47210,2025000000,人,30056
0004050397,2025_01,2,47211,2025000000,人,72867
0004050397,2025_01,2,47212,2025000000,人,33808
0004050397,2025_01,2,47213,2025000000,人,63962
0004050397,2025_01,2,47214,2025000000,人,25890
0004050397,2025_01,2,47215,2025000000,人,22608
0004050397,2025_01,2,47301,2025000000,人,1984
0004050397,2025_01,2,47302,2025000000,人,1338
0004050397,2025_01,2,47303,2025000000,人,674
0004050397,2025_01,2,47306,2025000000,人,4337
0004050397,2025_01,2,47308,2025000000,人,5829
0004050397,2025_01,2,47311,2025000000,人,5463
0004050397,2025_01,2,47313,2025000000,人,3150
0004050397,2025_01,2,47314,2025000000,人,5555
0004050397,2025_01,2,47315,2025000000,人,1813
0004050397,2025_01,2,47324,2025000000,人,21249
0004050397,2025_01,2,47325,2025000000,人,6828
0004050397,2025_01,2,47326,2025000000,人,15022
0004050397,2025_01,2,47327,2025000000,人,9388
0004050397,2025_01,2,47328,2025000000,人,11546
0004050397,2025_01,2,47329,2025000000,人,17477
0004050397,2025_01,2,47348,2025000000,人,9928
0004050397,2025_01,2,47350,2025000000,人,21282
0004050397,2025_01,2,47353,2025000000,人,275
0004050397,2025_01,2,47354,2025000000,人,385
0004050397,2025_01,2,47355,2025000000,人,262
0004050397,2025_01,2,47356,2025000000,人,95
0004050397,2025_01,2,47357,2025000000,人,484
0004050397,2025_01,2,47358,2025000000,人,208
0004050397,2025_01,2,47359,2025000000,人,478
0004050397,2025_01,2,47360,2025000000,人,491
0004050397,2025_01,2,47361,2025000000,人,2960
0004050397,2025_01,2,47362,2025000000,人,16632
0004050397,2025_01,2,47375,2025000000,人,416
0004050397,2025_01,2,47381,2025000000,人,1908
0004050397,2025_01,2,47382,2025000000,人,629
